arm,session,round,username_1,username_2,task_1,task_2,u_1,u_2,R,delta_u,P_1,P_2,N_1,N_2,N_12,N_21,S_1,S_2,V_1,V_2,O,E
control,01,1,user0011,user0012,6,1,0.6043956043956044,0.5471698113207547,0.3065281232074445,0.05722579307484965,72,79,11.560439560439562,24.283018867924532,18.560439560439562,17.283018867924532,C,C,122,122,S,1.0
control,01,2,user0011,user0012,0,13,0.547331882249474,0.7068062827225131,0.5349096063878264,0.15947440047303907,83,60,28.266811775052595,-10.680628272251312,5.266811775052595,12.319371727748688,I,C,50,-85,F,-1.2053571428571428
control,01,3,user0011,user0012,20,2,0.8000000000000002,0.5492957746478874,0.7920600522249057,0.2507042253521128,50,70,-30.000000000000014,15.070422535211264,-10.000000000000014,-4.929577464788736,I,C,50,-28,F,-0.609375
control,01,4,user0011,user0012,15,4,0.751131221719457,0.5412844036697247,0.6350845208008228,0.20984681804973226,100,75,24.886877828054295,20.871559633027523,-0.11312217194570451,45.87155963302752,C,C,105,100,S,0.84375
control,01,5,user0011,user0012,3,25,0.5492957746478874,0.8470619499460693,0.9547833189750947,0.29776617529818195,0,60,-54.929577464788736,-24.706194994606932,5.070422535211264,-84.70619499460693,C,I,11,50,F,-0.3482142857142857
control,01,6,user0011,user0012,12,8,0.7015527939448206,0.6017699115044248,0.6337741588577726,0.09978288244039579,50,71,-20.155279394482065,10.823008849557517,0.844720605517935,-10.176991150442483,I,C,50,-18,F,-0.6071428571428571
control,01,7,user0011,user0012,9,21,0.6,0.8013937282229965,0.9002465745984046,0.2013937282229965,100,69,40.0,-11.139372822299649,9.0,19.86062717770035,C,C,72,107,S,0.6158333333333333
control,01,8,user0011,user0012,18,14,0.75,0.703125,0.9804178996359945,0.046875,77,71,2.0,0.6875,-4.0,6.6875,I,C,50,-40,F,-0.9
control,01,9,user0011,user0012,22,26,0.8024691358024691,0.8527131782945736,1.5789199671409158,0.05024404249210446,21,70,-59.24691358024691,-15.27131782945736,-10.246913580246911,-64.27131782945736,C,C,114,107,S,0.8958333333333333
control,01,10,user0011,user0012,8,12,0.6015355969790163,0.7015527939448206,0.6332853247529718,0.10001719696580436,89,11,28.846440302098372,-59.155279394482065,-49.15355969790163,18.844720605517935,I,I,50,50,I,0.0
control,01,11,user0011,user0012,4,15,0.5412844036697247,0.75,0.6320633635728415,0.20871559633027525,69,69,14.871559633027523,-6.0,14.871559633027523,-6.0,C,C,100,115,S,0.90625
control,01,12,user0011,user0012,14,18,0.7027362183612184,0.75,0.9794869944783868,0.04726378163878164,50,14,-20.273621836121833,-61.0,-56.27362183612183,-25.0,I,I,50,50,I,0.0
control,01,13,user0011,user0012,11,29,0.703125,0.849802371541502,1.297637689502578,0.14667737154150196,100,68,29.6875,-16.98023715415019,-2.3125,15.019762845849812,C,C,107,88,S,0.7758333333333334
control,01,14,user0011,user0012,17,28,0.7505446623093682,0.8510223038171109,1.4220804999735297,0.10047764150774263,100,25,24.945533769063175,-60.10223038171108,-50.054466230936825,14.897769618288919,I,I,50,50,I,0.0
control,01,15,user0011,user0012,13,0,0.7009345794392523,0.5422535211267606,0.5105851813473153,0.15868105831249169,100,63,29.90654205607477,8.774647887323937,-7.09345794392523,45.77464788732394,C,C,82,115,S,0.6919642857142857
control,01,16,user0011,user0012,25,3,0.8470619499460693,0.552,0.9602478542411899,0.29506194994606927,100,64,15.293805005393068,8.799999999999997,-20.706194994606932,44.8,I,C,50,-19,F,-0.6160714285714286
control,01,17,user0011,user0012,7,27,0.6013888888888889,0.848869551599582,1.068508838358004,0.24748066271069313,100,39,39.861111111111114,-45.886955159958205,-21.138888888888886,15.113044840041795,I,I,50,50,I,0.0
control,01,18,user0011,user0012,19,5,0.7346716464363524,0.6008920897424498,0.7138195329838315,0.13377955669390262,100,29,26.532835356364757,-31.089208974244976,-44.46716464363524,39.910791025755024,I,I,50,50,I,0.0
control,01,19,user0011,user0012,5,19,0.6012269938650306,0.7023809523809523,0.6346209139062265,0.10115395851592168,100,61,39.877300613496935,-9.238095238095227,0.877300613496935,29.761904761904773,C,C,115,100,S,0.90625
control,01,20,user0011,user0012,23,16,0.8010602931915703,0.7510917030567685,1.248688813829523,0.049968590134801816,100,63,19.89397068084297,-12.109170305676855,-17.10602931915703,24.890829694323145,I,C,50,-122,F,-1.1944444444444444
control,01,21,user0011,user0012,24,10,0.8022267456205281,0.703650620317287,1.1325064792596715,0.09857612530324111,37,68,-43.222674562052816,-2.365062031728698,-12.222674562052816,-33.3650620317287,I,I,50,50,I,0.0
control,01,22,user0011,user0012,10,24,0.703650620317287,0.8022267456205281,1.1325064792596715,0.09857612530324111,82,22,11.634937968271302,-58.222674562052816,-48.3650620317287,1.7773254379471837,I,I,50,50,I,0.0
control,01,23,user0011,user0012,29,11,0.849802371541502,0.703125,1.297637689502578,0.14667737154150196,25,77,-59.98023715415019,6.6875,-7.980237154150188,-45.3125,C,C,88,107,S,0.7758333333333334
control,01,24,user0011,user0012,1,6,0.5471698113207547,0.6043956043956044,0.3065281232074445,0.05722579307484965,100,60,45.28301886792453,-0.439560439560438,5.2830188679245325,39.56043956043956,C,C,122,122,S,1.0
control,01,25,user0011,user0012,27,7,0.848869551599582,0.6013888888888889,1.068508838358004,0.24748066271069313,99,22,14.113044840041795,-38.138888888888886,-62.886955159958205,38.861111111111114,I,I,50,50,I,0.0
control,01,26,user0011,user0012,16,23,0.7524015108780087,0.8010602931915703,1.2521980427417299,0.04865878231356169,100,32,24.759848912199132,-48.10602931915703,-43.24015108780087,19.89397068084297,I,I,50,50,I,0.0
control,01,27,user0011,user0012,2,20,0.5505955002226751,0.8000000000000002,0.7946857043701983,0.24940449977732504,100,23,44.94044997773249,-57.000000000000014,-32.05955002226751,19.999999999999986,I,I,50,50,I,0.0
control,01,28,user0011,user0012,26,22,0.8471760797342193,0.8,1.549458254894611,0.04717607973421922,100,66,15.28239202657808,-14.0,-18.71760797342192,20.0,C,C,96,88,S,0.6163194444444444
control,01,29,user0011,user0012,28,17,0.8545454545454545,0.75,1.4346591743491661,0.1045454545454545,100,67,14.545454545454547,-8.0,-18.454545454545453,25.0,C,C,82,114,S,0.7857142857142857
control,01,30,user0011,user0012,21,9,0.8017241379310345,0.6,0.9012851926661353,0.2017241379310345,100,82,19.827586206896555,22.0,1.8275862068965552,40.0,C,C,96,72,S,0.5394444444444444
control,01,1,user0013,user0014,0,13,0.550561797752809,0.7068062827225131,0.5414319658499853,0.1562444849697041,94,76,38.9438202247191,5.319371727748688,20.943820224719097,23.31937172774869,C,C,130,106,S,1.0
control,01,2,user0013,user0014,20,2,0.8,0.5505955002226751,0.7946857043701979,0.24940449977732493,74,29,-6.0,-26.05955002226751,-51.0,18.94044997773249,C,I,-170,50,F,-1.375
control,01,3,user0013,user0014,15,4,0.7503770739064857,0.5466412864840126,0.64386674574931,0.2037357874224731,78,2,2.9622926093514366,-52.66412864840125,-73.03770739064856,23.335871351598747,I,I,50,50,I,0.0
control,01,4,user0013,user0014,3,25,0.5492957746478874,0.8470619499460693,0.9547833189750947,0.29776617529818195,83,6,28.070422535211264,-78.70619499460693,-48.929577464788736,-1.706194994606932,C,I,11,50,F,-0.3482142857142857
control,01,5,user0013,user0014,12,8,0.7009345794392523,0.6,0.628608659422374,0.10093457943925233,85,89,14.90654205607477,29.0,18.90654205607477,25.0,C,C,114,82,S,0.7857142857142857
control,01,6,user0013,user0014,9,21,0.6,0.8014076128432405,0.900290193681393,0.2014076128432405,75,7,15.0,-73.14076128432404,-53.0,-5.140761284324043,C,I,17,50,F,-0.33
control,01,7,user0013,user0014,18,14,0.75,0.7027362183612184,0.9794869944783868,0.04726378163878164,78,3,3.0,-67.27362183612183,-72.0,7.726378163878167,C,I,-85,50,F,-1.2053571428571428
control,01,8,user0013,user0014,22,26,0.8,0.8491156283824789,1.5569879695880242,0.04911562838247885,76,6,-4.0,-78.91156283824789,-74.0,-8.911562838247889,C,I,-150,50,F,-1.5625
control,01,9,user0013,user0014,8,12,0.6,0.7009345794392523,0.628608659422374,0.10093457943925233,78,96,18.0,25.90654205607477,36.0,7.90654205607477,C,C,82,114,S,0.7857142857142857
control,01,10,user0013,user0014,4,15,0.5466412864840126,0.7503770739064857,0.64386674574931,0.2037357874224731,82,2,27.335871351598747,-73.03770739064856,-52.66412864840125,6.962292609351437,I,I,50,50,I,0.0
control,01,11,user0013,user0014,14,18,0.7023809523809523,0.75,0.9786369538528141,0.04761904761904767,89,8,18.761904761904773,-67.0,-62.23809523809523,14.0,C,C,100,106,S,1.0
control,01,12,user0013,user0014,11,29,0.703125,0.8484848484848485,1.2924950541724916,0.1453598484848485,1,92,-69.3125,7.151515151515156,21.6875,-83.84848484848484,C,C,107,100,S,0.8958333333333333
control,01,13,user0013,user0014,17,28,0.7505446623093682,0.851063829787234,1.422244286259021,0.10051916747786582,80,6,4.945533769063175,-79.1063829787234,-69.05446623093682,-5.106382978723403,I,C,50,-270,F,-2.857142857142857
control,01,14,user0013,user0014,13,0,0.7,0.550561797752809,0.5251193521919469,0.14943820224719095,78,89,8.0,33.9438202247191,19.0,22.943820224719097,C,C,95,130,S,0.9017857142857143
control,01,15,user0013,user0014,25,3,0.8470619499460693,0.552,0.9602478542411899,0.29506194994606927,84,7,-0.7061949946069319,-48.2,-77.70619499460693,28.799999999999997,I,C,50,-19,F,-0.6160714285714286
control,01,16,user0013,user0014,7,27,0.6013888888888889,0.8454106280193237,1.0551527916833279,0.2440217391304348,82,6,21.861111111111114,-78.54106280193237,-54.138888888888886,-2.5410628019323696,I,C,50,-300,F,-2.734375
control,01,17,user0013,user0014,19,5,0.7516339869281046,0.6008920897424498,0.7582647518879286,0.15074189718565478,100,7,24.83660130718954,-53.089208974244976,-68.16339869281046,39.910791025755024,C,I,-65,50,F,-1.15
control,01,18,user0013,user0014,5,19,0.6012269938650306,0.75,0.7545962487215222,0.14877300613496935,100,96,39.877300613496935,21.0,35.877300613496935,25.0,C,C,115,72,S,0.62625
control,01,19,user0013,user0014,23,16,0.8024691358024691,0.7526881720430108,1.2573997868880324,0.049780963759458396,89,93,8.753086419753089,17.731182795698928,12.753086419753089,13.731182795698928,C,C,82,96,S,0.6051587301587301
control,01,20,user0013,user0014,24,10,0.8,0.7027027027027027,1.1232478131715014,0.0972972972972973,86,95,6.0,24.729729729729726,15.0,15.729729729729726,C,C,100,105,S,0.84375
control,01,21,user0013,user0014,10,24,0.703650620317287,0.8035714285714286,1.1367550384723621,0.09992080825414162,94,97,23.634937968271302,16.64285714285714,26.634937968271302,13.642857142857139,I,C,50,-40,F,-0.9
control,01,22,user0013,user0014,29,11,0.849802371541502,0.7032258064516129,1.2978791770706628,0.14657656508988903,81,91,-3.9802371541501884,20.677419354838705,6.019762845849812,10.677419354838705,C,C,88,96,S,0.6994444444444444
control,01,23,user0013,user0014,1,6,0.5471698113207547,0.603448275862069,0.3045479225993961,0.056278464541314244,93,97,38.28301886792453,36.6551724137931,42.28301886792453,32.6551724137931,C,C,122,96,S,0.8194444444444444
control,01,24,user0013,user0014,27,7,0.848869551599582,0.6,1.0656136362906516,0.24886955159958202,94,94,9.113044840041795,34.0,9.113044840041795,34.0,I,C,50,-46,F,-0.75
control,01,25,user0013,user0014,16,23,0.7526881720430108,0.8024691358024691,1.2573997868880324,0.049780963759458396,87,90,11.731182795698928,9.753086419753089,14.731182795698928,6.753086419753089,C,C,96,82,S,0.6051587301587301
control,01,26,user0013,user0014,2,20,0.5492957746478874,0.8,0.7920600522249054,0.2507042253521127,84,90,29.070422535211264,10.0,35.070422535211264,4.0,C,C,114,105,S,0.84375
control,01,27,user0013,user0014,26,22,0.8471760797342193,0.8,1.549458254894611,0.04717607973421922,82,94,-2.71760797342192,14.0,9.28239202657808,2.0,C,C,96,88,S,0.6163194444444444
control,01,28,user0013,user0014,28,17,0.8510223038171109,0.75,1.420627010577875,0.10102230381711086,90,91,4.897769618288919,16.0,5.897769618288919,15.0,I,C,50,-142,F,-1.5
control,01,29,user0013,user0014,21,9,0.8017241379310345,0.6,0.9012851926661353,0.2017241379310345,96,93,15.827586206896555,33.0,12.827586206896555,36.0,C,C,96,72,S,0.5394444444444444
control,01,30,user0013,user0014,6,1,0.6043956043956044,0.5533980582524272,0.3191120590609079,0.0509975461431772,91,95,30.560439560439562,39.66019417475729,34.56043956043956,35.66019417475729,C,C,122,96,S,0.8194444444444444
control,02,1,user0023,user0024,6,1,0.6043956043956044,0.5471698113207547,0.3065281232074445,0.05722579307484965,63,92,2.560439560439562,37.28301886792453,31.560439560439562,8.283018867924532,C,C,122,122,S,1.0
control,02,2,user0023,user0024,0,13,0.550561797752809,0.7068062827225131,0.5414319658499853,0.1562444849697041,71,94,15.943820224719097,23.31937172774869,38.9438202247191,0.31937172774868827,C,C,130,106,S,1.0
control,02,3,user0023,user0024,20,2,0.8,0.5492957746478874,0.7920600522249054,0.2507042253521127,2,97,-78.0,42.070422535211264,17.0,-52.929577464788736,C,C,130,114,S,1.0
control,02,4,user0023,user0024,15,4,0.75,0.5412844036697247,0.6320633635728415,0.20871559633027525,31,100,-44.0,45.87155963302752,25.0,-23.128440366972477,C,C,130,100,S,1.0
control,02,5,user0023,user0024,3,25,0.552,0.8490566037735849,0.9679878809762972,0.2970566037735849,66,82,10.799999999999997,-2.905660377358487,26.799999999999997,-18.905660377358487,C,C,106,130,S,1.0
control,02,6,user0023,user0024,12,8,0.7009345794392523,0.6017699115044248,0.6322987130711855,0.09916466793482748,6,100,-64.09345794392523,39.82300884955752,29.90654205607477,-54.17699115044248,C,C,114,95,S,0.9017857142857143
control,02,7,user0023,user0024,9,21,0.6,0.8011049723756906,0.8993399560363141,0.20110497237569058,4,62,-56.0,-18.11049723756905,2.0,-76.11049723756905,C,C,100,122,S,1.0
control,02,8,user0023,user0024,18,14,0.75,0.7023809523809523,0.9786369538528141,0.04761904761904767,11,84,-64.0,13.761904761904773,9.0,-59.23809523809523,C,C,106,100,S,1.0
control,02,9,user0023,user0024,22,26,0.8024691358024691,0.8527131782945736,1.5789199671409158,0.05024404249210446,0,74,-80.24691358024691,-11.27131782945736,-6.246913580246911,-85.27131782945736,C,C,114,107,S,0.8958333333333333
control,02,10,user0023,user0024,8,12,0.6028368794326241,0.703125,0.6397615381795232,0.1002881205673759,31,50,-29.283687943262407,-20.3125,-10.283687943262407,-39.3125,C,C,106,88,S,0.796875
control,02,11,user0023,user0024,4,15,0.5412844036697247,0.75,0.6320633635728415,0.20871559633027525,78,50,23.871559633027523,-25.0,-4.128440366972477,3.0,C,C,100,115,S,0.90625
control,02,12,user0023,user0024,14,18,0.7023809523809523,0.75,0.9786369538528141,0.04761904761904767,67,78,-3.2380952380952266,3.0,7.761904761904773,-8.0,C,C,100,82,S,0.7857142857142857
control,02,13,user0023,user0024,11,29,0.7024793388429752,0.8503401360544217,1.2982018009890957,0.14786079721144652,14,50,-56.247933884297524,-35.03401360544217,-20.247933884297524,-71.03401360544217,C,C,122,72,S,0.72
control,02,14,user0023,user0024,17,28,0.7505446623093682,0.851063829787234,1.422244286259021,0.10051916747786582,33,70,-42.054466230936825,-15.106382978723403,-5.054466230936825,-52.1063829787234,I,C,50,-270,F,-2.857142857142857
control,02,15,user0023,user0024,13,0,0.7068062827225131,0.550561797752809,0.5414319658499853,0.1562444849697041,2,87,-68.68062827225131,31.943820224719097,16.31937172774869,-53.0561797752809,C,C,106,130,S,1.0
control,02,16,user0023,user0024,25,3,0.8490566037735849,0.552,0.9679878809762972,0.2970566037735849,0,74,-84.90566037735849,18.799999999999997,-10.905660377358487,-55.2,C,C,130,106,S,1.0
control,02,17,user0023,user0024,7,27,0.6,0.8484848484848485,1.064115852924634,0.24848484848484853,19,31,-41.0,-53.848484848484844,-29.0,-65.84848484848484,C,C,114,100,S,0.890625
control,02,18,user0023,user0024,19,5,0.7023809523809523,0.6,0.6320633635728413,0.10238095238095235,10,94,-60.23809523809523,34.0,23.761904761904773,-50.0,C,C,100,130,S,1.0
control,02,19,user0023,user0024,5,19,0.6,0.7023809523809523,0.6320633635728413,0.10238095238095235,0,92,-60.0,21.761904761904773,32.0,-70.23809523809523,C,C,130,100,S,1.0
control,02,20,user0023,user0024,23,16,0.800711743772242,0.7534246575342466,1.2538550694027886,0.04728708623799538,30,50,-50.071174377224196,-25.342465753424662,-30.071174377224196,-45.34246575342466,C,C,106,122,S,1.0
control,02,21,user0023,user0024,24,10,0.8,0.7037037037037037,1.1256458993032477,0.09629629629629632,8,43,-72.0,-27.370370370370367,-37.0,-62.37037037037037,C,C,100,130,S,1.0
control,02,22,user0023,user0024,10,24,0.7037037037037037,0.8035714285714286,1.136882327229277,0.09986772486772488,6,39,-64.37037037037037,-41.35714285714286,-31.370370370370367,-74.35714285714286,C,C,130,72,S,0.72
control,02,23,user0023,user0024,29,11,0.8484848484848485,0.7024793388429752,1.290949457887655,0.1460055096418733,25,42,-59.848484848484844,-28.247933884297524,-42.848484848484844,-45.247933884297524,C,C,100,122,S,1.0
control,02,24,user0023,user0024,1,6,0.5471698113207547,0.6043956043956044,0.3065281232074445,0.05722579307484965,11,44,-43.71698113207547,-16.439560439560438,-10.716981132075468,-49.43956043956044,C,C,122,122,S,1.0
control,02,25,user0023,user0024,27,7,0.8454106280193237,0.6,1.0522575896159758,0.24541062801932367,10,82,-74.54106280193237,22.0,-2.5410628019323696,-50.0,C,C,114,114,S,1.0
control,02,26,user0023,user0024,16,23,0.7534246575342466,0.800711743772242,1.2538550694027886,0.04728708623799538,0,31,-75.34246575342466,-49.071174377224196,-44.34246575342466,-80.0711743772242,C,C,122,106,S,1.0
control,02,27,user0023,user0024,2,20,0.5492957746478874,0.8,0.7920600522249054,0.2507042253521127,2,34,-52.929577464788736,-46.0,-20.929577464788736,-78.0,C,C,114,115,S,0.90625
control,02,28,user0023,user0024,26,22,0.847457627118644,0.8,1.5505463946059086,0.047457627118643986,1,35,-83.7457627118644,-45.0,-49.7457627118644,-79.0,C,C,122,100,S,0.890625
control,02,29,user0023,user0024,28,17,0.851063829787234,0.75,1.4207907968633664,0.10106382978723405,35,59,-50.1063829787234,-16.0,-26.106382978723403,-40.0,C,C,106,100,S,0.890625
control,02,30,user0023,user0024,21,9,0.8011049723756906,0.6,0.8993399560363141,0.20110497237569058,0,79,-80.11049723756905,19.0,-1.1104972375690494,-60.0,C,C,122,100,S,1.0
control,02,1,user0025,user0026,0,13,0.550561797752809,0.7009345794392523,0.527346527366637,0.1503727816864433,50,94,-5.056179775280903,23.90654205607477,38.9438202247191,-20.09345794392523,C,C,130,82,S,0.7857142857142857
control,02,2,user0025,user0026,20,2,0.8000000000000002,0.5505955002226751,0.7946857043701983,0.24940449977732504,50,53,-30.000000000000014,-2.0595500222675085,-27.000000000000014,-5.0595500222675085,I,I,50,50,I,0.0
control,02,3,user0025,user0026,15,4,0.7503770739064857,0.5466412864840126,0.64386674574931,0.2037357874224731,50,0,-25.037707390648563,-54.66412864840125,-75.03770739064856,-4.6641286484012525,I,I,50,50,I,0.0
control,02,4,user0025,user0026,3,25,0.552,0.8470619499460693,0.9602478542411899,0.29506194994606927,50,51,-5.200000000000003,-33.70619499460693,-4.200000000000003,-34.70619499460693,C,I,-19,50,F,-0.6160714285714286
control,02,5,user0025,user0026,12,8,0.7015527939448206,0.6,0.6300841052089611,0.10155279394482064,50,31,-20.155279394482065,-29.0,-39.155279394482065,-10.0,I,C,50,2,F,-0.42857142857142855
control,02,6,user0025,user0026,9,21,0.6,0.8014076128432405,0.900290193681393,0.2014076128432405,50,0,-10.0,-80.14076128432404,-60.0,-30.140761284324043,C,I,-25,50,F,-0.75
control,02,7,user0025,user0026,18,14,0.75,0.7027362183612184,0.9794869944783868,0.04726378163878164,50,37,-25.0,-33.27362183612183,-38.0,-20.273621836121833,I,I,50,50,I,0.0
control,02,8,user0025,user0026,22,26,0.8,0.8471760797342193,1.549458254894611,0.04717607973421922,50,0,-30.0,-84.71760797342192,-80.0,-34.71760797342192,C,C,100,96,S,0.7100694444444444
control,02,9,user0025,user0026,8,12,0.6028368794326241,0.7009345794392523,0.6345258882458754,0.09809770000662821,50,0,-10.283687943262407,-70.09345794392523,-60.28368794326241,-20.09345794392523,C,C,106,114,S,1.0
control,02,10,user0025,user0026,4,15,0.5476190476190477,0.7503770739064857,0.6458397992721197,0.202758026287438,50,8,-4.761904761904766,-67.03770739064856,-46.761904761904766,-25.037707390648563,C,I,4,50,F,-0.46
control,02,11,user0025,user0026,14,18,0.7023809523809523,0.75,0.9786369538528141,0.04761904761904767,50,9,-20.238095238095227,-66.0,-61.23809523809523,-25.0,C,I,-68,50,F,-1.18
control,02,12,user0025,user0026,11,29,0.7029433817648627,0.849542452026924,1.2961852689023232,0.14659907026206132,50,50,-20.294338176486264,-34.954245202692405,-20.294338176486264,-34.954245202692405,I,I,50,50,I,0.0
control,02,13,user0025,user0026,17,28,0.7505446623093682,0.8510223038171109,1.4220804999735297,0.10047764150774263,50,6,-25.054466230936825,-79.10223038171108,-69.05446623093682,-35.10223038171108,I,I,50,50,I,0.0
control,02,14,user0025,user0026,13,0,0.7,0.547331882249474,0.518596992729788,0.1526681177505259,50,3,-20.0,-51.733188224947405,-67.0,-4.733188224947405,C,I,-55,50,F,-0.9375
control,02,15,user0025,user0026,25,3,0.8450704225352113,0.5492957746478874,0.947137516376825,0.2957746478873239,50,54,-34.50704225352112,-0.9295774647887356,-30.50704225352112,-4.929577464788736,C,C,105,82,S,0.6294642857142857
control,02,16,user0025,user0026,7,27,0.6,0.848869551599582,1.0656136362906516,0.24886955159958202,50,0,-10.0,-84.8869551599582,-60.0,-34.886955159958205,C,I,-25,50,F,-0.5859375
control,02,17,user0025,user0026,19,5,0.75,0.6008920897424498,0.7538979119035514,0.1491079102575502,71,15,-4.0,-45.089208974244976,-60.0,10.910791025755024,C,I,-16,50,F,-0.66
control,02,18,user0025,user0026,5,19,0.6014492753623188,0.7346716464363524,0.7149814766963984,0.13322237107403356,65,17,4.855072463768117,-56.46716464363524,-43.14492753623188,-8.467164643635243,C,I,-33,50,F,-0.51875
control,02,19,user0025,user0026,23,16,0.8010602931915703,0.7524015108780087,1.2521980427417299,0.04865878231356169,75,0,-5.106029319157031,-75.24015108780087,-80.10602931915703,-0.2401510878008679,I,I,50,50,I,0.0
control,02,20,user0025,user0026,24,10,0.8035714285714286,0.703650620317287,1.1367550384723621,0.09992080825414162,80,0,-0.3571428571428612,-70.3650620317287,-80.35714285714286,9.634937968271302,C,I,-40,50,F,-0.9
control,02,21,user0025,user0026,10,24,0.7027027027027027,0.8022267456205281,1.1302356818848398,0.09952404291782535,54,0,-16.270270270270274,-80.22267456205282,-70.27027027027027,-26.222674562052816,C,I,-80,50,F,-0.8125
control,02,22,user0025,user0026,29,11,0.849542452026924,0.7029433817648627,1.2961852689023232,0.14659907026206132,56,50,-28.954245202692405,-20.294338176486264,-34.954245202692405,-14.294338176486264,I,I,50,50,I,0.0
control,02,23,user0025,user0026,1,6,0.5533980582524272,0.603448275862069,0.3171318584528595,0.05005021760964179,74,74,18.660194174757287,13.655172413793103,18.660194174757287,13.655172413793103,C,C,96,96,S,0.6388888888888888
control,02,24,user0025,user0026,27,7,0.848869551599582,0.6013888888888889,1.068508838358004,0.24748066271069313,71,14,-13.886955159958205,-46.138888888888886,-70.8869551599582,10.861111111111114,I,I,50,50,I,0.0
control,02,25,user0025,user0026,16,23,0.7524015108780087,0.8010602931915703,1.2521980427417299,0.04865878231356169,73,1,-2.240151087800868,-79.10602931915703,-74.24015108780087,-7.106029319157031,I,I,50,50,I,0.0
control,02,26,user0025,user0026,2,20,0.5492957746478874,0.8000000000000002,0.7920600522249057,0.2507042253521128,50,0,-4.929577464788736,-80.00000000000001,-54.929577464788736,-30.000000000000014,C,I,-28,50,F,-0.609375
control,02,27,user0025,user0026,26,22,0.8491156283824789,0.8008230452674897,1.5595639670427381,0.048292583114989185,56,3,-28.91156283824789,-77.08230452674897,-81.91156283824789,-24.08230452674897,I,I,50,50,I,0.0
control,02,28,user0025,user0026,28,17,0.851063829787234,0.7505446623093682,1.422244286259021,0.10051916747786582,60,70,-25.106382978723403,-5.054466230936825,-15.106382978723403,-15.054466230936825,C,I,-270,50,F,-2.857142857142857
control,02,29,user0025,user0026,21,9,0.8014076128432405,0.6,0.900290193681393,0.2014076128432405,67,96,-13.140761284324043,36.0,15.859238715675957,7.0,I,C,50,-25,F,-0.75
control,02,30,user0025,user0026,6,1,0.6043956043956044,0.5505829906451288,0.31342036927099626,0.053812613750475524,68,3,7.560439560439562,-52.05829906451288,-57.43956043956044,12.94170093548712,C,I,-60,50,F,-0.7638888888888888
control,03,1,user0027,user0028,6,1,0.603448275862069,0.5533980582524272,0.3171318584528595,0.05005021760964179,66,74,5.655172413793103,18.660194174757287,13.655172413793103,10.660194174757287,C,C,96,96,S,0.6388888888888888
control,03,2,user0027,user0028,0,13,0.550561797752809,0.7068062827225131,0.5414319658499853,0.1562444849697041,99,79,43.9438202247191,8.319371727748688,23.943820224719097,28.31937172774869,C,C,130,106,S,1.0
control,03,3,user0027,user0028,20,2,0.8000000000000002,0.5492957746478874,0.7920600522249057,0.2507042253521128,0,93,-80.00000000000001,38.070422535211264,12.999999999999986,-54.929577464788736,I,C,50,-28,F,-0.609375
control,03,4,user0027,user0028,15,4,0.7503770739064857,0.5510204081632653,0.6527093872137715,0.19935666574322042,1,69,-74.03770739064856,13.897959183673478,-6.037707390648563,-54.10204081632652,I,C,50,23,F,-0.27
control,03,5,user0027,user0028,3,25,0.5492957746478874,0.8470619499460693,0.9547833189750947,0.29776617529818195,100,89,45.070422535211264,4.293805005393068,34.070422535211264,15.293805005393068,C,I,11,50,F,-0.3482142857142857
control,03,6,user0027,user0028,12,8,0.703125,0.6015355969790163,0.6370455289000325,0.10158940302098374,36,68,-34.3125,7.846440302098372,-2.3125,-24.153559697901628,C,I,-40,50,F,-0.703125
control,03,7,user0027,user0028,9,21,0.6,0.8014076128432405,0.900290193681393,0.2014076128432405,68,38,8.0,-42.14076128432404,-22.0,-12.140761284324043,C,I,-7,50,F,-0.57
control,03,8,user0027,user0028,18,14,0.75,0.7027027027027027,0.9794067769456107,0.04729729729729726,0,73,-75.0,2.7297297297297263,-2.0,-70.27027027027027,I,C,50,-2,F,-0.52
control,03,9,user0027,user0028,22,26,0.8008230452674897,0.8491156283824789,1.5595639670427381,0.048292583114989185,16,31,-64.08230452674897,-53.91156283824789,-49.08230452674897,-68.91156283824789,I,I,50,50,I,0.0
control,03,10,user0027,user0028,8,12,0.6,0.7015527939448206,0.6300841052089611,0.10155279394482064,100,33,40.0,-37.155279394482065,-27.0,29.844720605517935,C,I,2,50,F,-0.42857142857142855
control,03,11,user0027,user0028,4,15,0.5466412864840126,0.7503770739064857,0.64386674574931,0.2037357874224731,1,28,-53.66412864840125,-47.03770739064856,-26.664128648401253,-74.03770739064856,I,I,50,50,I,0.0
control,03,12,user0027,user0028,14,18,0.7027027027027027,0.75,0.9794067769456107,0.04729729729729726,33,36,-37.270270270270274,-39.0,-34.270270270270274,-42.0,C,I,-2,50,F,-0.52
control,03,13,user0027,user0028,11,29,0.7029433817648627,0.849542452026924,1.2961852689023232,0.14659907026206132,13,26,-57.294338176486264,-58.954245202692405,-44.294338176486264,-71.9542452026924,I,I,50,50,I,0.0
control,03,14,user0027,user0028,17,28,0.7505446623093682,0.8510223038171109,1.4220804999735297,0.10047764150774263,35,18,-40.054466230936825,-67.10223038171108,-57.054466230936825,-50.10223038171108,I,I,50,50,I,0.0
control,03,15,user0027,user0028,13,0,0.7009345794392523,0.5491803278688525,0.5245558224475395,0.1517542515703998,95,42,24.90654205607477,-12.918032786885249,-28.09345794392523,40.08196721311475,C,C,82,105,S,0.6294642857142857
control,03,16,user0027,user0028,25,3,0.8470619499460693,0.5489167733674777,0.9540179336959017,0.29814517657859163,0,62,-84.70619499460693,7.108322663252231,-22.706194994606932,-54.89167733674777,I,I,50,50,I,0.0
control,03,17,user0027,user0028,7,27,0.6041666666666666,0.848869551599582,1.0743095076465863,0.24470288493291537,100,37,39.583333333333336,-47.886955159958205,-23.416666666666664,15.113044840041795,C,I,-8,50,F,-0.453125
control,03,18,user0027,user0028,19,5,0.75,0.6008920897424498,0.7538979119035514,0.1491079102575502,88,31,13.0,-29.089208974244976,-44.0,27.910791025755024,C,I,-16,50,F,-0.66
control,03,19,user0027,user0028,5,19,0.6014492753623188,0.75,0.7550598556161183,0.14855072463768115,94,59,33.85507246376812,-16.0,-1.144927536231883,19.0,C,C,105,72,S,0.56375
control,03,20,user0027,user0028,23,16,0.8010602931915703,0.7524015108780087,1.2521980427417299,0.04865878231356169,0,29,-80.10602931915703,-46.24015108780087,-51.10602931915703,-75.24015108780087,I,I,50,50,I,0.0
control,03,21,user0027,user0028,24,10,0.8022267456205281,0.703650620317287,1.1325064792596715,0.09857612530324111,20,30,-60.222674562052816,-40.3650620317287,-50.222674562052816,-50.3650620317287,I,I,50,50,I,0.0
control,03,22,user0027,user0028,10,24,0.703650620317287,0.8022267456205281,1.1325064792596715,0.09857612530324111,41,34,-29.365062031728698,-46.222674562052816,-36.3650620317287,-39.222674562052816,I,I,50,50,I,0.0
control,03,23,user0027,user0028,29,11,0.849542452026924,0.7029433817648627,1.2961852689023232,0.14659907026206132,0,31,-84.9542452026924,-39.294338176486264,-53.954245202692405,-70.29433817648626,I,I,50,50,I,0.0
control,03,24,user0027,user0028,1,6,0.5533980582524272,0.603448275862069,0.3171318584528595,0.05005021760964179,87,65,31.660194174757287,4.655172413793103,9.660194174757287,26.655172413793103,C,C,96,96,S,0.6388888888888888
control,03,25,user0027,user0028,27,7,0.848869551599582,0.6013888888888889,1.068508838358004,0.24748066271069313,22,67,-62.886955159958205,6.861111111111114,-17.886955159958205,-38.138888888888886,I,I,50,50,I,0.0
control,03,26,user0027,user0028,16,23,0.7524015108780087,0.8010602931915703,1.2521980427417299,0.04865878231356169,21,29,-54.24015108780087,-51.10602931915703,-46.24015108780087,-59.10602931915703,I,I,50,50,I,0.0
control,03,27,user0027,user0028,2,20,0.5495495495495496,0.8000000000000002,0.7925726099325284,0.25045045045045056,100,32,45.04504504504504,-48.000000000000014,-22.954954954954957,19.999999999999986,C,I,-11,50,F,-0.4765625
control,03,28,user0027,user0028,26,22,,0.8008230452674897,,,0,38,,-42.08230452674897,,-80.08230452674897,,I,,,,
control,03,29,user0027,user0028,28,17,0.8510223038171109,0.7505446623093682,1.4220804999735297,0.10047764150774263,0,28,-85.10223038171108,-47.054466230936825,-57.10223038171108,-75.05446623093682,I,I,50,50,I,0.0
control,03,30,user0027,user0028,21,9,0.8014076128432405,0.6,0.900290193681393,0.2014076128432405,17,62,-63.14076128432404,2.0,-18.140761284324043,-43.0,I,I,50,50,I,0.0
control,03,1,user0029,user0030,0,13,0.5422535211267606,0.7068062827225131,0.5246706198306637,0.1645527615957525,100,82,45.77464788732394,11.319371727748688,27.774647887323937,29.31937172774869,C,C,115,106,S,0.90625
control,03,2,user0029,user0030,20,2,0.8000000000000002,0.5492957746478874,0.7920600522249057,0.2507042253521128,81,70,0.9999999999999858,15.070422535211264,-10.000000000000014,26.070422535211264,I,C,50,-28,F,-0.609375
control,03,3,user0029,user0030,15,4,0.75,0.5412844036697247,0.6320633635728415,0.20871559633027525,88,74,13.0,19.871559633027523,-1.0,33.87155963302752,C,C,130,100,S,1.0
control,03,4,user0029,user0030,3,25,0.552,0.8470619499460693,0.9602478542411899,0.29506194994606927,86,80,30.799999999999997,-4.706194994606932,24.799999999999997,1.293805005393068,C,I,-19,50,F,-0.6160714285714286
control,03,5,user0029,user0030,12,8,0.7009345794392523,0.6017699115044248,0.6322987130711855,0.09916466793482748,100,79,29.90654205607477,18.823008849557517,8.90654205607477,39.82300884955752,C,C,114,95,S,0.9017857142857143
control,03,6,user0029,user0030,9,21,0.6,0.8011049723756906,0.8993399560363141,0.20110497237569058,100,83,40.0,2.8895027624309506,23.0,19.88950276243095,C,C,100,122,S,1.0
control,03,7,user0029,user0030,18,14,0.75,0.7023809523809523,0.9786369538528141,0.04761904761904767,100,79,25.0,8.761904761904773,4.0,29.761904761904773,C,C,106,100,S,1.0
control,03,8,user0029,user0030,22,26,0.8024691358024691,0.847457627118644,1.5582984878738912,0.04498849131617488,100,71,19.75308641975309,-13.745762711864401,-9.246913580246911,15.254237288135599,C,C,114,122,S,1.0
control,03,9,user0029,user0030,8,12,0.6028368794326241,0.7009345794392523,0.6345258882458754,0.09809770000662821,100,69,39.71631205673759,-1.0934579439252303,8.716312056737593,29.90654205607477,C,C,106,114,S,1.0
control,03,10,user0029,user0030,4,15,0.5412844036697247,0.75,0.6320633635728415,0.20871559633027525,100,75,45.87155963302752,0.0,20.871559633027523,25.0,C,C,100,130,S,1.0
control,03,11,user0029,user0030,14,18,0.7023809523809523,0.75,0.9786369538528141,0.04761904761904767,100,71,29.761904761904773,-4.0,0.7619047619047734,25.0,C,C,100,106,S,1.0
control,03,12,user0029,user0030,11,29,0.7024793388429752,0.8484848484848485,1.290949457887655,0.1460055096418733,99,71,28.752066115702476,-13.848484848484844,0.7520661157024762,14.151515151515156,C,C,122,100,S,1.0
control,03,13,user0029,user0030,17,28,0.75,0.851063829787234,1.4207907968633664,0.10106382978723405,100,83,25.0,-2.1063829787234027,8.0,14.893617021276597,C,C,114,106,S,1.0
control,03,14,user0029,user0030,13,0,0.7068062827225131,0.550561797752809,0.5414319658499853,0.1562444849697041,100,76,29.31937172774869,20.943820224719097,5.319371727748688,44.9438202247191,C,C,106,130,S,1.0
control,03,15,user0029,user0030,25,3,0.8490566037735849,0.552,0.9679878809762972,0.2970566037735849,100,65,15.094339622641513,9.799999999999997,-19.905660377358487,44.8,C,C,130,106,S,1.0
control,03,16,user0029,user0030,7,27,0.6,0.8454106280193237,1.0522575896159758,0.24541062801932367,100,66,40.0,-18.54106280193237,6.0,15.45893719806763,C,C,114,114,S,1.0
control,03,17,user0029,user0030,19,5,0.75,0.6,0.752038698388137,0.15000000000000002,100,70,25.0,10.0,-5.0,40.0,C,C,72,130,S,0.72
control,03,18,user0029,user0030,5,19,0.6,0.7023809523809523,0.6320633635728413,0.10238095238095235,100,70,40.0,-0.2380952380952266,10.0,29.761904761904773,C,C,130,100,S,1.0
control,03,19,user0029,user0030,23,16,0.800711743772242,0.7534246575342466,1.2538550694027886,0.04728708623799538,100,78,19.928825622775804,2.657534246575338,-2.071174377224196,24.657534246575338,C,C,106,122,S,1.0
control,03,20,user0029,user0030,24,10,0.8,0.7037037037037037,1.1256458993032477,0.09629629629629632,100,54,20.0,-16.370370370370367,-26.0,29.629629629629633,C,C,100,130,S,1.0
control,03,21,user0029,user0030,10,24,0.7037037037037037,0.8,1.1256458993032477,0.09629629629629632,100,64,29.629629629629633,-16.0,-6.370370370370367,20.0,C,C,130,100,S,1.0
control,03,22,user0029,user0030,29,11,0.8484848484848485,0.7024793388429752,1.290949457887655,0.1460055096418733,100,66,15.151515151515156,-4.247933884297524,-18.848484848484844,29.752066115702476,C,C,100,122,S,1.0
control,03,23,user0029,user0030,1,6,0.5471698113207547,0.6043956043956044,0.3065281232074445,0.05722579307484965,100,70,45.28301886792453,9.560439560439562,15.283018867924532,39.56043956043956,C,C,122,122,S,1.0
control,03,24,user0029,user0030,27,7,0.8454106280193237,0.6,1.0522575896159758,0.24541062801932367,100,68,15.45893719806763,8.0,-16.54106280193237,40.0,C,C,114,114,S,1.0
control,03,25,user0029,user0030,16,23,0.7534246575342466,0.800711743772242,1.2538550694027886,0.04728708623799538,100,62,24.657534246575338,-18.071174377224196,-13.342465753424662,19.928825622775804,C,C,122,106,S,1.0
control,03,26,user0029,user0030,2,20,0.5492957746478874,0.8,0.7920600522249054,0.2507042253521127,100,74,45.070422535211264,-6.0,19.070422535211264,20.0,C,C,114,115,S,0.90625
control,03,27,user0029,user0030,26,22,0.8527131782945736,0.8024691358024691,1.5789199671409158,0.05024404249210446,100,70,14.72868217054264,-10.246913580246911,-15.27131782945736,19.75308641975309,C,C,107,114,S,0.8958333333333333
control,03,28,user0029,user0030,28,17,0.851063829787234,0.75,1.4207907968633664,0.10106382978723405,100,81,14.893617021276597,6.0,-4.106382978723403,25.0,C,C,106,114,S,1.0
control,03,29,user0029,user0030,21,9,0.8011049723756906,0.6,0.8993399560363141,0.20110497237569058,100,68,19.88950276243095,8.0,-12.11049723756905,40.0,C,C,122,100,S,1.0
control,03,30,user0029,user0030,6,1,0.6043956043956044,0.5471698113207547,0.3065281232074445,0.05722579307484965,100,64,39.56043956043956,9.283018867924532,3.560439560439562,45.28301886792453,C,C,122,122,S,1.0
control,04,1,user0035,user0036,6,1,0.603448275862069,0.5511811023622047,0.31264890988753635,0.052267173499864206,83,80,22.655172413793103,24.881889763779526,19.655172413793103,27.881889763779526,C,C,96,107,S,0.7152777777777777
control,04,2,user0035,user0036,0,13,0.550561797752809,0.7,0.5251193521919469,0.14943820224719095,100,81,44.9438202247191,11.0,25.943820224719097,30.0,C,C,130,95,S,0.9017857142857143
control,04,3,user0035,user0036,20,2,0.8,0.5492957746478874,0.7920600522249054,0.2507042253521127,100,81,20.0,26.070422535211264,1.0,45.070422535211264,C,C,105,114,S,0.84375
control,04,4,user0035,user0036,15,4,0.751131221719457,0.5412844036697247,0.6350845208008228,0.20984681804973226,100,82,24.886877828054295,27.871559633027523,6.8868778280542955,45.87155963302752,C,C,105,100,S,0.84375
control,04,5,user0035,user0036,3,25,0.5454545454545454,0.8490566037735849,0.9547712524422193,0.3036020583190395,100,82,45.45454545454546,-2.905660377358487,27.45454545454546,15.094339622641513,C,C,95,130,S,0.9017857142857143
control,04,6,user0035,user0036,12,8,0.7009345794392523,0.6028368794326241,0.6345258882458754,0.09809770000662821,100,80,29.90654205607477,19.716312056737593,9.90654205607477,39.71631205673759,C,C,114,106,S,1.0
control,04,7,user0035,user0036,9,21,0.6,0.8011049723756906,0.8993399560363141,0.20110497237569058,100,82,40.0,1.8895027624309506,22.0,19.88950276243095,C,C,100,122,S,1.0
control,04,8,user0035,user0036,18,14,0.75,0.7023809523809523,0.9786369538528141,0.04761904761904767,100,81,25.0,10.761904761904773,6.0,29.761904761904773,C,C,106,100,S,1.0
control,04,9,user0035,user0036,22,26,0.8024691358024691,0.847457627118644,1.5582984878738912,0.04498849131617488,100,81,19.75308641975309,-3.7457627118644012,0.7530864197530889,15.254237288135599,C,C,114,122,S,1.0
control,04,10,user0035,user0036,8,12,0.6028368794326241,0.7009345794392523,0.6345258882458754,0.09809770000662821,100,82,39.71631205673759,11.90654205607477,21.716312056737593,29.90654205607477,C,C,106,114,S,1.0
control,04,11,user0035,user0036,4,15,0.5412844036697247,0.75,0.6320633635728415,0.20871559633027525,99,80,44.87155963302752,5.0,25.871559633027523,24.0,C,C,100,130,S,1.0
control,04,12,user0035,user0036,14,18,0.7023809523809523,0.75,0.9786369538528141,0.04761904761904767,100,80,29.761904761904773,5.0,9.761904761904773,25.0,C,C,100,106,S,1.0
control,04,13,user0035,user0036,11,29,0.7024793388429752,0.8484848484848485,1.290949457887655,0.1460055096418733,100,81,29.752066115702476,-3.848484848484844,10.752066115702476,15.151515151515156,C,C,122,100,S,1.0
control,04,14,user0035,user0036,17,28,0.75,0.851063829787234,1.4207907968633664,0.10106382978723405,100,81,25.0,-4.106382978723403,6.0,14.893617021276597,C,C,114,106,S,1.0
control,04,15,user0035,user0036,13,0,0.7068062827225131,0.550561797752809,0.5414319658499853,0.1562444849697041,100,88,29.31937172774869,32.9438202247191,17.31937172774869,44.9438202247191,C,C,106,130,S,1.0
control,04,16,user0035,user0036,25,3,0.8490566037735849,0.552,0.9679878809762972,0.2970566037735849,100,80,15.094339622641513,24.799999999999997,-4.905660377358487,44.8,C,C,130,106,S,1.0
control,04,17,user0035,user0036,7,27,0.6,0.8454106280193237,1.0522575896159758,0.24541062801932367,100,81,40.0,-3.5410628019323696,21.0,15.45893719806763,C,C,114,114,S,1.0
control,04,18,user0035,user0036,19,5,0.7023809523809523,0.6,0.6320633635728413,0.10238095238095235,100,80,29.761904761904773,20.0,9.761904761904773,40.0,C,C,100,130,S,1.0
control,04,19,user0035,user0036,5,19,0.6,0.7023809523809523,0.6320633635728413,0.10238095238095235,100,82,40.0,11.761904761904773,22.0,29.761904761904773,C,C,130,100,S,1.0
control,04,20,user0035,user0036,23,16,0.800711743772242,0.7534246575342466,1.2538550694027886,0.04728708623799538,100,80,19.928825622775804,4.657534246575338,-0.07117437722419595,24.657534246575338,C,C,106,122,S,1.0
control,04,21,user0035,user0036,24,10,0.8,0.7037037037037037,1.1256458993032477,0.09629629629629632,100,80,20.0,9.629629629629633,0.0,29.629629629629633,C,C,100,130,S,1.0
control,04,22,user0035,user0036,10,24,0.7037037037037037,0.8,1.1256458993032477,0.09629629629629632,100,80,29.629629629629633,0.0,9.629629629629633,20.0,C,C,130,100,S,1.0
control,04,23,user0035,user0036,29,11,0.8484848484848485,0.7024793388429752,1.290949457887655,0.1460055096418733,100,79,15.151515151515156,8.752066115702476,-5.848484848484844,29.752066115702476,C,C,100,122,S,1.0
control,04,24,user0035,user0036,1,6,0.5471698113207547,0.6043956043956044,0.3065281232074445,0.05722579307484965,100,81,45.28301886792453,20.560439560439562,26.283018867924532,39.56043956043956,C,C,122,122,S,1.0
control,04,25,user0035,user0036,27,7,0.8454106280193237,0.6,1.0522575896159758,0.24541062801932367,100,81,15.45893719806763,21.0,-3.5410628019323696,40.0,C,C,114,114,S,1.0
control,04,26,user0035,user0036,16,23,0.7534246575342466,0.800711743772242,1.2538550694027886,0.04728708623799538,100,80,24.657534246575338,-0.07117437722419595,4.657534246575338,19.928825622775804,C,C,122,106,S,1.0
control,04,27,user0035,user0036,2,20,0.5492957746478874,0.8,0.7920600522249054,0.2507042253521127,100,81,45.070422535211264,1.0,26.070422535211264,20.0,C,C,114,130,S,1.0
control,04,28,user0035,user0036,26,22,0.847457627118644,0.8024691358024691,1.5582984878738912,0.04498849131617488,100,80,15.254237288135599,-0.24691358024691112,-4.745762711864401,19.75308641975309,C,C,122,114,S,1.0
control,04,29,user0035,user0036,28,17,0.851063829787234,0.75,1.4207907968633664,0.10106382978723405,100,82,14.893617021276597,7.0,-3.1063829787234027,25.0,C,C,106,114,S,1.0
control,04,30,user0035,user0036,21,9,0.8011049723756906,0.6,0.8993399560363141,0.20110497237569058,100,81,19.88950276243095,21.0,0.8895027624309506,40.0,C,C,122,100,S,1.0
control,04,1,user0037,user0038,0,13,0.550561797752809,0.7068062827225131,0.5414319658499853,0.1562444849697041,82,50,26.943820224719097,-20.68062827225131,-5.056179775280903,11.319371727748688,C,C,130,106,S,1.0
control,04,2,user0037,user0038,20,2,0.8,0.5529411764705883,0.7994279015517818,0.24705882352941178,65,77,-15.0,21.705882352941174,-3.0,9.705882352941174,C,C,130,88,S,0.796875
control,04,3,user0037,user0038,15,4,0.75,0.5466412864840126,0.6428607091926,0.20335871351598744,46,8,-29.0,-46.66412864840125,-67.0,-8.664128648401253,C,I,-190,50,F,-1.5
control,04,4,user0037,user0038,3,25,0.552,0.8490566037735849,0.9679878809762972,0.2970566037735849,68,84,12.799999999999997,-0.9056603773584868,28.799999999999997,-16.905660377358487,C,C,106,130,S,1.0
control,04,5,user0037,user0038,12,8,0.7009345794392523,0.6,0.628608659422374,0.10093457943925233,67,76,-3.0934579439252303,16.0,5.90654205607477,7.0,C,C,114,82,S,0.7857142857142857
control,04,6,user0037,user0038,9,21,0.6,0.8014076128432405,0.900290193681393,0.2014076128432405,51,67,-9.0,-13.140761284324043,7.0,-29.140761284324043,C,I,17,50,F,-0.33
control,04,7,user0037,user0038,18,14,0.75,0.7027027027027027,0.9794067769456107,0.04729729729729726,53,50,-22.0,-20.270270270270274,-25.0,-17.270270270270274,C,C,106,72,S,0.72
control,04,8,user0037,user0038,22,26,0.8024691358024691,0.847457627118644,1.5582984878738912,0.04498849131617488,42,50,-38.24691358024691,-34.7457627118644,-30.24691358024691,-42.7457627118644,C,C,114,122,S,1.0
control,04,9,user0037,user0038,8,12,0.6028368794326241,0.7009345794392523,0.6345258882458754,0.09809770000662821,55,50,-5.283687943262407,-20.09345794392523,-10.283687943262407,-15.09345794392523,C,C,106,114,S,1.0
control,04,10,user0037,user0038,4,15,0.5412844036697247,0.75,0.6320633635728415,0.20871559633027525,70,50,15.871559633027523,-25.0,-4.128440366972477,-5.0,C,C,100,130,S,1.0
control,04,11,user0037,user0038,14,18,0.7023809523809523,0.75,0.9786369538528141,0.04761904761904767,54,50,-16.238095238095227,-25.0,-20.238095238095227,-21.0,C,C,100,106,S,1.0
control,04,12,user0037,user0038,11,29,0.7024793388429752,0.8484848484848485,1.290949457887655,0.1460055096418733,55,50,-15.247933884297524,-34.848484848484844,-20.247933884297524,-29.848484848484844,C,C,122,100,S,1.0
control,04,13,user0037,user0038,17,28,0.75,0.851063829787234,1.4207907968633664,0.10106382978723405,60,50,-15.0,-35.1063829787234,-25.0,-25.106382978723403,C,C,114,106,S,1.0
control,04,14,user0037,user0038,13,0,0.7068062827225131,0.550561797752809,0.5414319658499853,0.1562444849697041,56,50,-14.680628272251312,-5.056179775280903,-20.68062827225131,0.9438202247190972,C,C,106,130,S,1.0
control,04,15,user0037,user0038,25,3,0.8490566037735849,0.552,0.9679878809762972,0.2970566037735849,59,50,-25.905660377358487,-5.200000000000003,-34.90566037735849,3.799999999999997,C,C,130,106,S,1.0
control,04,16,user0037,user0038,7,27,0.6,0.8454106280193237,1.0522575896159758,0.24541062801932367,45,50,-15.0,-34.54106280193237,-10.0,-39.54106280193237,C,C,114,114,S,1.0
control,04,17,user0037,user0038,19,5,0.7023809523809523,0.6,0.6320633635728413,0.10238095238095235,61,64,-9.238095238095227,4.0,-6.238095238095227,1.0,C,C,100,130,S,1.0
control,04,18,user0037,user0038,5,19,0.6,0.7023809523809523,0.6320633635728413,0.10238095238095235,55,50,-5.0,-20.238095238095227,-10.0,-15.238095238095227,C,C,130,100,S,1.0
control,04,19,user0037,user0038,23,16,0.800711743772242,0.7534246575342466,1.2538550694027886,0.04728708623799538,55,50,-25.071174377224196,-25.342465753424662,-30.071174377224196,-20.342465753424662,C,C,106,122,S,1.0
control,04,20,user0037,user0038,24,10,0.8,0.7037037037037037,1.1256458993032477,0.09629629629629632,54,50,-26.0,-20.370370370370367,-30.0,-16.370370370370367,C,C,100,130,S,1.0
control,04,21,user0037,user0038,10,24,0.7037037037037037,0.8,1.1256458993032477,0.09629629629629632,66,50,-4.370370370370367,-30.0,-20.370370370370367,-14.0,C,C,130,100,S,1.0
control,04,22,user0037,user0038,29,11,0.8484848484848485,0.7024793388429752,1.290949457887655,0.1460055096418733,56,50,-28.848484848484844,-20.247933884297524,-34.848484848484844,-14.247933884297524,C,C,100,122,S,1.0
control,04,23,user0037,user0038,1,6,0.5471698113207547,0.6043956043956044,0.3065281232074445,0.05722579307484965,59,50,4.2830188679245325,-10.439560439560438,-4.7169811320754675,-1.439560439560438,C,C,122,122,S,1.0
control,04,24,user0037,user0038,27,7,0.8454106280193237,0.6,1.0522575896159758,0.24541062801932367,71,50,-13.54106280193237,-10.0,-34.54106280193237,11.0,C,C,114,114,S,1.0
control,04,25,user0037,user0038,16,23,0.7534246575342466,0.800711743772242,1.2538550694027886,0.04728708623799538,62,50,-13.342465753424662,-30.071174377224196,-25.342465753424662,-18.071174377224196,C,C,122,106,S,1.0
control,04,26,user0037,user0038,2,20,0.5492957746478874,0.8,0.7920600522249054,0.2507042253521127,63,50,8.070422535211264,-30.0,-4.929577464788736,-17.0,C,C,114,130,S,1.0
control,04,27,user0037,user0038,26,22,0.847457627118644,0.8024691358024691,1.5582984878738912,0.04498849131617488,55,50,-29.7457627118644,-30.24691358024691,-34.7457627118644,-25.24691358024691,C,C,122,114,S,1.0
control,04,28,user0037,user0038,28,17,0.851063829787234,0.75,1.4207907968633664,0.10106382978723405,70,50,-15.106382978723403,-25.0,-35.1063829787234,-5.0,C,C,106,114,S,1.0
control,04,29,user0037,user0038,21,9,0.8011049723756906,0.6,0.8993399560363141,0.20110497237569058,65,50,-15.11049723756905,-10.0,-30.11049723756905,5.0,C,C,122,100,S,1.0
control,04,30,user0037,user0038,6,1,0.6043956043956044,0.5471698113207547,0.3065281232074445,0.05722579307484965,65,50,4.560439560439562,-4.7169811320754675,-10.439560439560438,10.283018867924532,C,C,122,122,S,1.0
control,05,1,user0043,user0044,6,1,0.6043956043956044,0.5471698113207547,0.3065281232074445,0.05722579307484965,100,100,39.56043956043956,45.28301886792453,39.56043956043956,45.28301886792453,C,C,122,122,S,1.0
control,05,2,user0043,user0044,0,13,0.5491803278688525,0.7068062827225131,0.5386412609308878,0.1576259548536606,88,100,33.08196721311475,29.31937172774869,45.08196721311475,17.31937172774869,C,C,105,106,S,0.84375
control,05,3,user0043,user0044,20,2,0.8,0.5492957746478874,0.7920600522249054,0.2507042253521127,95,100,15.0,45.070422535211264,20.0,40.070422535211264,C,C,130,114,S,1.0
control,05,4,user0043,user0044,15,4,0.751131221719457,0.5412844036697247,0.6350845208008228,0.20984681804973226,100,100,24.886877828054295,45.87155963302752,24.886877828054295,45.87155963302752,C,C,105,100,S,0.84375
control,05,5,user0043,user0044,3,25,0.5489167733674777,0.8470619499460693,0.9540179336959017,0.29814517657859163,100,100,45.10832266325223,15.293805005393068,45.10832266325223,15.293805005393068,I,I,50,50,I,0.0
control,05,6,user0043,user0044,12,8,0.7005988023952096,0.6028368794326241,0.6337252475623886,0.09776192296258546,98,100,27.94011976047905,39.71631205673759,29.94011976047905,37.71631205673759,C,C,100,106,S,0.890625
control,05,7,user0043,user0044,9,21,0.6,0.8014076128432405,0.900290193681393,0.2014076128432405,100,100,40.0,19.859238715675957,40.0,19.859238715675957,I,I,50,50,I,0.0
control,05,8,user0043,user0044,18,14,0.75,0.7027027027027027,0.9794067769456107,0.04729729729729726,99,100,24.0,29.729729729729726,25.0,28.729729729729726,C,C,106,72,S,0.72
control,05,9,user0043,user0044,22,26,0.8008230452674897,0.8491156283824789,1.5595639670427381,0.048292583114989185,99,100,18.91769547325103,15.088437161752111,19.91769547325103,14.088437161752111,I,I,50,50,I,0.0
control,05,10,user0043,user0044,8,12,0.6028368794326241,0.7005988023952096,0.6337252475623886,0.09776192296258546,100,100,39.71631205673759,29.94011976047905,39.71631205673759,29.94011976047905,C,C,106,100,S,0.890625
control,05,11,user0043,user0044,4,15,0.5412844036697247,0.751131221719457,0.6350845208008228,0.20984681804973226,100,100,45.87155963302752,24.886877828054295,45.87155963302752,24.886877828054295,C,C,100,105,S,0.84375
control,05,12,user0043,user0044,14,18,0.7023809523809523,0.75,0.9786369538528141,0.04761904761904767,100,100,29.761904761904773,25.0,29.761904761904773,25.0,C,C,100,95,S,0.9017857142857143
control,05,13,user0043,user0044,11,29,0.703125,0.8503401360544217,1.299747397273932,0.1472151360544217,100,100,29.6875,14.96598639455783,29.6875,14.96598639455783,C,C,107,72,S,0.6158333333333333
control,05,14,user0043,user0044,17,28,0.7516339869281046,0.8545454545454545,1.4390260143335434,0.10291146761734993,100,100,24.83660130718954,14.545454545454547,24.83660130718954,14.545454545454547,C,C,88,82,S,0.5825892857142857
control,05,15,user0043,user0044,13,0,0.7068062827225131,0.550561797752809,0.5414319658499853,0.1562444849697041,100,100,29.31937172774869,44.9438202247191,29.31937172774869,44.9438202247191,C,C,106,130,S,1.0
control,05,16,user0043,user0044,25,3,0.8470619499460693,0.5489167733674777,0.9540179336959017,0.29814517657859163,100,100,15.293805005393068,45.10832266325223,15.293805005393068,45.10832266325223,I,I,50,50,I,0.0
control,05,17,user0043,user0044,7,27,0.6013888888888889,0.848869551599582,1.068508838358004,0.24748066271069313,99,100,38.861111111111114,15.113044840041795,39.861111111111114,14.113044840041795,I,I,50,50,I,0.0
control,05,18,user0043,user0044,19,5,0.7023809523809523,0.6,0.6320633635728413,0.10238095238095235,100,100,29.761904761904773,40.0,29.761904761904773,40.0,C,C,100,130,S,1.0
control,05,19,user0043,user0044,5,19,0.6,0.7023809523809523,0.6320633635728413,0.10238095238095235,100,100,40.0,29.761904761904773,40.0,29.761904761904773,C,C,130,100,S,1.0
control,05,20,user0043,user0044,23,16,0.800711743772242,0.7526881720430108,1.25187486879474,0.04802357172923122,50,100,-30.071174377224196,24.731182795698928,19.928825622775804,-25.268817204301072,C,C,106,96,S,0.8194444444444444
control,05,21,user0043,user0044,24,10,0.8,0.7045454545454546,1.1276661040717502,0.09545454545454546,99,100,19.0,29.545454545454547,20.0,28.545454545454547,C,C,100,115,S,0.90625
control,05,22,user0043,user0044,10,24,0.7037037037037037,0.8031088082901554,1.1354181973397326,0.09940510458645169,100,100,29.629629629629633,19.689119170984455,29.629629629629633,19.689119170984455,C,C,130,88,S,0.88
control,05,23,user0043,user0044,29,11,0.8484848484848485,0.7024793388429752,1.290949457887655,0.1460055096418733,97,100,12.151515151515156,29.752066115702476,15.151515151515156,26.752066115702476,C,C,100,122,S,1.0
control,05,24,user0043,user0044,1,6,0.5471698113207547,0.6043956043956044,0.3065281232074445,0.05722579307484965,100,100,45.28301886792453,39.56043956043956,45.28301886792453,39.56043956043956,C,C,122,122,S,1.0
control,05,25,user0043,user0044,27,7,0.848869551599582,0.6013888888888889,1.068508838358004,0.24748066271069313,100,100,15.113044840041795,39.861111111111114,15.113044840041795,39.861111111111114,I,I,50,50,I,0.0
control,05,26,user0043,user0044,16,23,0.7534246575342466,0.8024691358024691,1.259379987496081,0.04904447826822256,100,100,24.657534246575338,19.75308641975309,24.657534246575338,19.75308641975309,C,C,122,82,S,0.7857142857142857
control,05,27,user0043,user0044,2,20,0.5505955002226751,0.8000000000000002,0.7946857043701983,0.24940449977732504,100,100,44.94044997773249,19.999999999999986,44.94044997773249,19.999999999999986,I,I,50,50,I,0.0
control,05,28,user0043,user0044,26,22,0.847457627118644,0.8,1.5505463946059086,0.047457627118643986,100,100,15.254237288135599,20.0,15.254237288135599,20.0,C,C,122,88,S,0.796875
control,05,29,user0043,user0044,28,17,0.851063829787234,0.75,1.4207907968633664,0.10106382978723405,100,100,14.893617021276597,25.0,14.893617021276597,25.0,C,C,106,100,S,0.890625
control,05,30,user0043,user0044,21,9,0.8011049723756906,0.6,0.8993399560363141,0.20110497237569058,100,100,19.88950276243095,40.0,19.88950276243095,40.0,C,C,122,100,S,1.0
control,05,1,user0045,user0046,0,13,0.5491803278688525,0.7068062827225131,0.5386412609308878,0.1576259548536606,55,60,0.0819672131147513,-10.680628272251312,5.081967213114751,-15.680628272251312,C,C,105,106,S,0.84375
control,05,2,user0045,user0046,20,2,0.8,0.5492957746478874,0.7920600522249054,0.2507042253521127,63,46,-17.0,-8.929577464788736,-34.0,8.070422535211264,C,C,105,114,S,0.84375
control,05,3,user0045,user0046,15,4,0.75,0.5510204081632653,0.6517033506570614,0.19897959183673475,60,28,-15.0,-27.10204081632652,-47.0,4.897959183673478,C,C,130,72,S,0.72
control,05,4,user0045,user0046,3,25,0.552,0.8470588235294118,0.9602357877083145,0.2950588235294117,57,41,1.7999999999999972,-43.705882352941174,-14.200000000000003,-27.705882352941174,C,C,106,115,S,0.90625
control,05,5,user0045,user0046,12,8,0.7009345794392523,0.6028368794326241,0.6345258882458754,0.09809770000662821,61,63,-9.09345794392523,2.7163120567375927,-7.09345794392523,0.7163120567375927,C,C,114,106,S,1.0
control,05,6,user0045,user0046,9,21,0.6,0.8014076128432405,0.900290193681393,0.2014076128432405,65,39,5.0,-41.14076128432404,-21.0,-15.140761284324043,C,I,-25,50,F,-0.75
control,05,7,user0045,user0046,18,14,0.75,0.7023809523809523,0.9786369538528141,0.04761904761904767,57,39,-18.0,-31.238095238095227,-36.0,-13.238095238095227,C,C,106,100,S,1.0
control,05,8,user0045,user0046,22,26,0.8,0.8491156283824789,1.5569879695880242,0.04911562838247885,55,30,-25.0,-54.91156283824789,-50.0,-29.91156283824789,C,I,-102,50,F,-1.1875
control,05,9,user0045,user0046,8,12,0.6,0.7005988023952096,0.6278080187388871,0.10059880239520957,78,91,18.0,20.94011976047905,31.0,7.94011976047905,C,C,82,100,S,0.6763392857142857
control,05,10,user0045,user0046,4,15,0.5466412864840126,0.7503770739064857,0.64386674574931,0.2037357874224731,63,37,8.335871351598747,-38.03770739064856,-17.664128648401253,-12.037707390648563,I,I,50,50,I,0.0
control,05,11,user0045,user0046,14,18,0.7027027027027027,0.75,0.9794067769456107,0.04729729729729726,50,60,-20.270270270270274,-15.0,-10.270270270270274,-25.0,C,C,72,82,S,0.5057142857142857
control,05,12,user0045,user0046,11,29,0.7029433817648627,0.849542452026924,1.2961852689023232,0.14659907026206132,67,100,-3.2943381764862636,15.045754797307595,29.705661823513736,-17.954245202692405,I,I,50,50,I,0.0
control,05,13,user0045,user0046,17,28,0.7516339869281046,0.851063829787234,1.4251576368477437,0.09942984285912948,50,50,-25.16339869281046,-35.1063829787234,-25.16339869281046,-35.1063829787234,C,C,88,106,S,0.796875
control,05,14,user0045,user0046,13,0,0.7009345794392523,0.550561797752809,0.527346527366637,0.1503727816864433,61,79,-9.09345794392523,23.943820224719097,8.90654205607477,5.943820224719097,C,C,82,130,S,0.7857142857142857
control,05,15,user0045,user0046,25,3,0.8470619499460693,0.5492957746478874,0.9547833189750947,0.29776617529818195,64,70,-20.706194994606932,15.070422535211264,-14.706194994606932,9.070422535211264,I,C,50,11,F,-0.3482142857142857
control,05,16,user0045,user0046,7,27,0.6013888888888889,0.848869551599582,1.068508838358004,0.24748066271069313,59,31,-1.1388888888888857,-53.886955159958205,-29.138888888888886,-25.886955159958205,I,I,50,50,I,0.0
control,05,17,user0045,user0046,19,5,0.75,0.6,0.752038698388137,0.15000000000000002,66,64,-9.0,4.0,-11.0,6.0,C,C,72,130,S,0.72
control,05,18,user0045,user0046,5,19,0.6014492753623188,0.7023809523809523,0.6350845208008227,0.10093167701863348,58,63,-2.144927536231883,-7.238095238095227,2.855072463768117,-12.238095238095227,C,C,105,100,S,0.84375
control,05,19,user0045,user0046,23,16,0.8010602931915703,0.7524015108780087,1.2521980427417299,0.04865878231356169,65,31,-15.106029319157031,-44.24015108780087,-49.10602931915703,-10.240151087800868,I,I,50,50,I,0.0
control,05,20,user0045,user0046,24,10,0.8035714285714286,0.7037037037037037,1.136882327229277,0.09986772486772488,56,16,-24.35714285714286,-54.37037037037037,-64.35714285714286,-14.370370370370367,C,C,72,130,S,0.72
control,05,21,user0045,user0046,10,24,0.703650620317287,0.8022267456205281,1.1325064792596715,0.09857612530324111,62,68,-8.365062031728698,-12.222674562052816,-2.365062031728698,-18.222674562052816,I,I,50,50,I,0.0
control,05,22,user0045,user0046,29,11,0.8503401360544217,0.7032258064516129,1.299988884842017,0.1471143296028088,43,83,-42.03401360544217,12.677419354838705,-2.034013605442169,-27.322580645161295,C,C,72,96,S,0.5394444444444444
control,05,23,user0045,user0046,1,6,0.5533980582524272,0.6013986013986014,0.3128529498822063,0.04800054314617419,62,42,6.660194174757287,-18.139860139860133,-13.339805825242713,1.860139860139867,C,C,96,107,S,0.7152777777777777
control,05,24,user0045,user0046,27,7,0.848869551599582,0.6013888888888889,1.068508838358004,0.24748066271069313,66,31,-18.886955159958205,-29.138888888888886,-53.886955159958205,5.861111111111114,I,I,50,50,I,0.0
control,05,25,user0045,user0046,16,23,0.7534246575342466,0.8024691358024691,1.259379987496081,0.04904447826822256,69,28,-6.342465753424662,-52.24691358024691,-47.34246575342466,-11.246913580246911,C,C,122,82,S,0.7857142857142857
control,05,26,user0045,user0046,2,20,0.5505955002226751,0.8000000000000002,0.7946857043701983,0.24940449977732504,53,80,-2.0595500222675085,-1.4210854715202004e-14,24.94044997773249,-27.000000000000014,I,I,50,50,I,0.0
control,05,27,user0045,user0046,26,22,0.8491156283824789,0.8008230452674897,1.5595639670427381,0.048292583114989185,61,86,-23.91156283824789,5.91769547325103,1.0884371617521111,-19.08230452674897,I,I,50,50,I,0.0
control,05,28,user0045,user0046,28,17,0.8545454545454545,0.7516339869281046,1.4390260143335434,0.10291146761734993,57,63,-28.454545454545453,-12.16339869281046,-22.454545454545453,-18.16339869281046,C,C,82,88,S,0.5825892857142857
control,05,29,user0045,user0046,21,9,0.8014076128432405,0.6,0.900290193681393,0.2014076128432405,63,98,-17.140761284324043,38.0,17.859238715675957,3.0,I,I,50,50,I,0.0
control,05,30,user0045,user0046,6,1,0.6013986013986014,0.5471698113207547,0.3002690140287429,0.054228790077846645,64,100,3.860139860139867,45.28301886792453,39.86013986013987,9.283018867924532,C,C,107,122,S,0.8958333333333333
control,06,1,user0051,user0052,6,1,0.6043956043956044,0.5511811023622047,0.3146291104955848,0.05321450203339961,75,67,14.560439560439562,11.881889763779526,6.560439560439562,19.881889763779526,C,C,122,107,S,0.8958333333333333
control,06,2,user0051,user0052,0,13,0.547331882249474,0.7009345794392523,0.520824167904478,0.15360269718977826,20,72,-34.733188224947405,1.9065420560747697,17.266811775052595,-50.09345794392523,I,C,50,-25,F,-0.6696428571428571
control,06,3,user0051,user0052,20,2,0.8,0.5529411764705883,0.7994279015517818,0.24705882352941178,79,64,-1.0,8.705882352941174,-16.0,23.705882352941174,C,C,130,88,S,0.796875
control,06,4,user0051,user0052,15,4,0.75,0.5510204081632653,0.6517033506570614,0.19897959183673475,81,63,6.0,7.897959183673478,-12.0,25.89795918367348,C,C,130,72,S,0.72
control,06,5,user0051,user0052,3,25,0.5489167733674777,0.8470619499460693,0.9540179336959017,0.29814517657859163,27,40,-27.89167733674777,-44.70619499460693,-14.891677336747769,-57.70619499460693,I,I,50,50,I,0.0
control,06,6,user0051,user0052,12,8,0.7005988023952096,0.6,0.6278080187388871,0.10059880239520957,81,80,10.94011976047905,20.0,9.94011976047905,21.0,C,C,100,82,S,0.6763392857142857
control,06,7,user0051,user0052,9,21,0.6,0.8014076128432405,0.900290193681393,0.2014076128432405,25,89,-35.0,8.859238715675957,29.0,-55.14076128432404,I,I,50,50,I,0.0
control,06,8,user0051,user0052,18,14,0.75,0.7027362183612184,0.9794869944783868,0.04726378163878164,25,31,-50.0,-39.27362183612183,-44.0,-45.27362183612183,I,I,50,50,I,0.0
control,06,9,user0051,user0052,22,26,0.8008230452674897,0.8491156283824789,1.5595639670427381,0.048292583114989185,16,41,-64.08230452674897,-43.91156283824789,-39.08230452674897,-68.91156283824789,I,I,50,50,I,0.0
control,06,10,user0051,user0052,8,12,0.6028368794326241,0.7005988023952096,0.6337252475623886,0.09776192296258546,76,73,15.716312056737593,2.9401197604790497,12.716312056737593,5.94011976047905,C,C,106,100,S,0.890625
control,06,11,user0051,user0052,4,15,0.5466412864840126,0.75,0.6428607091926,0.20335871351598744,23,42,-31.664128648401253,-33.0,-12.664128648401253,-52.0,I,C,50,-145,F,-1.21875
control,06,12,user0051,user0052,14,18,0.7027362183612184,0.75,0.9794869944783868,0.04726378163878164,15,81,-55.27362183612183,6.0,10.726378163878167,-60.0,I,I,50,50,I,0.0
control,06,13,user0051,user0052,11,29,0.7024793388429752,0.849802371541502,1.2960920932177415,0.14732303269852676,87,69,16.752066115702476,-15.980237154150188,-1.2479338842975238,2.0197628458498116,C,C,122,88,S,0.88
control,06,14,user0051,user0052,17,28,0.7505446623093682,0.8510223038171109,1.4220804999735297,0.10047764150774263,19,78,-56.054466230936825,-7.102230381711081,2.945533769063175,-66.10223038171108,I,I,50,50,I,0.0
control,06,15,user0051,user0052,13,0,0.7068062827225131,0.550561797752809,0.5414319658499853,0.1562444849697041,77,71,6.319371727748688,15.943820224719097,0.31937172774868827,21.943820224719097,C,C,106,130,S,1.0
control,06,16,user0051,user0052,25,3,0.8450704225352113,0.552,0.9526020516429201,0.2930704225352112,76,76,-8.50704225352112,20.799999999999997,-8.50704225352112,20.799999999999997,C,C,105,106,S,0.84375
control,06,17,user0051,user0052,7,27,0.6,0.8454106280193237,1.0522575896159758,0.24541062801932367,78,87,18.0,2.4589371980676304,27.0,-6.5410628019323696,C,C,100,114,S,0.890625
control,06,18,user0051,user0052,19,5,0.7023809523809523,0.6,0.6320633635728413,0.10238095238095235,74,85,3.7619047619047734,25.0,14.761904761904773,14.0,C,C,100,130,S,1.0
control,06,19,user0051,user0052,5,19,0.6014492753623188,0.7023809523809523,0.6350845208008227,0.10093167701863348,77,83,16.855072463768117,12.761904761904773,22.855072463768117,6.761904761904773,C,C,105,100,S,0.84375
control,06,20,user0051,user0052,23,16,0.8010602931915703,0.7524015108780087,1.2521980427417299,0.04865878231356169,27,81,-53.10602931915703,5.759848912199132,0.893970680842969,-48.24015108780087,I,I,50,50,I,0.0
control,06,21,user0051,user0052,24,10,0.8,0.7037037037037037,1.1256458993032477,0.09629629629629632,80,86,0.0,15.629629629629633,6.0,9.629629629629633,C,C,100,130,S,1.0
control,06,22,user0051,user0052,10,24,0.7037037037037037,0.8,1.1256458993032477,0.09629629629629632,75,86,4.629629629629633,6.0,15.629629629629633,-5.0,C,C,130,100,S,1.0
control,06,23,user0051,user0052,29,11,0.849542452026924,0.7029433817648627,1.2961852689023232,0.14659907026206132,22,85,-62.954245202692405,14.705661823513736,0.045754797307594686,-48.294338176486264,I,I,50,50,I,0.0
control,06,24,user0051,user0052,1,6,0.5471698113207547,0.6043956043956044,0.3065281232074445,0.05722579307484965,77,81,22.283018867924532,20.560439560439562,26.283018867924532,16.560439560439562,C,C,122,122,S,1.0
control,06,25,user0051,user0052,27,7,0.848869551599582,0.6013888888888889,1.068508838358004,0.24748066271069313,15,85,-69.8869551599582,24.861111111111114,0.11304484004179471,-45.138888888888886,I,I,50,50,I,0.0
control,06,26,user0051,user0052,16,23,,0.8010602931915703,,,28,40,,-40.10602931915703,,-52.10602931915703,,I,,,,
control,06,27,user0051,user0052,2,20,0.5492957746478874,0.8,0.7920600522249054,0.2507042253521127,79,75,24.070422535211264,-5.0,20.070422535211264,-1.0,C,C,114,130,S,1.0
control,06,28,user0051,user0052,26,22,0.8491156283824789,0.8008230452674897,1.5595639670427381,0.048292583114989185,26,85,-58.91156283824789,4.91769547325103,0.08843716175211114,-54.08230452674897,I,I,50,50,I,0.0
control,06,29,user0051,user0052,28,17,0.8510223038171109,0.7505446623093682,1.4220804999735297,0.10047764150774263,79,78,-6.102230381711081,2.945533769063175,-7.102230381711081,3.945533769063175,I,I,50,50,I,0.0
control,06,30,user0051,user0052,21,9,0.8011049723756906,0.6,0.8993399560363141,0.20110497237569058,88,95,7.889502762430951,35.0,14.88950276243095,28.0,C,C,122,100,S,1.0
control,06,1,user0053,user0054,0,13,0.5422535211267606,0.7068062827225131,0.5246706198306637,0.1645527615957525,81,82,26.774647887323937,11.319371727748688,27.774647887323937,10.319371727748688,C,C,115,106,S,0.90625
control,06,2,user0053,user0054,20,2,0.8,0.5492957746478874,0.7920600522249054,0.2507042253521127,74,89,-6.0,34.070422535211264,9.0,19.070422535211264,C,C,130,114,S,1.0
control,06,3,user0053,user0054,15,4,0.751131221719457,0.5412844036697247,0.6350845208008228,0.20984681804973226,88,83,12.886877828054295,28.871559633027523,7.8868778280542955,33.87155963302752,C,C,105,100,S,0.84375
control,06,4,user0053,user0054,3,25,0.5489167733674777,0.8470619499460693,0.9540179336959017,0.29814517657859163,82,13,27.10832266325223,-71.70619499460693,-41.89167733674777,-2.706194994606932,I,I,50,50,I,0.0
control,06,5,user0053,user0054,12,8,0.7005988023952096,0.6028368794326241,0.6337252475623886,0.09776192296258546,72,77,1.9401197604790497,16.716312056737593,6.94011976047905,11.716312056737593,C,C,100,106,S,0.890625
control,06,6,user0053,user0054,9,21,0.6,0.8011049723756906,0.8993399560363141,0.20110497237569058,86,89,26.0,8.88950276243095,29.0,5.889502762430951,C,C,100,122,S,1.0
control,06,7,user0053,user0054,18,14,0.75,0.7023809523809523,0.9786369538528141,0.04761904761904767,88,84,13.0,13.761904761904773,9.0,17.761904761904773,C,C,82,100,S,0.7857142857142857
control,06,8,user0053,user0054,22,26,0.8008230452674897,0.8491156283824789,1.5595639670427381,0.048292583114989185,15,12,-65.08230452674897,-72.91156283824789,-68.08230452674897,-69.91156283824789,I,I,50,50,I,0.0
control,06,9,user0053,user0054,8,12,0.6017699115044248,0.7009345794392523,0.6322987130711855,0.09916466793482748,85,88,24.823008849557517,17.90654205607477,27.823008849557517,14.90654205607477,C,C,95,114,S,0.9017857142857143
control,06,10,user0053,user0054,4,15,0.5412844036697247,0.7503770739064857,0.6330694001295516,0.20909267023676092,91,15,36.87155963302752,-60.03770739064856,-39.12844036697248,15.962292609351437,C,I,-9,50,F,-0.59
control,06,11,user0053,user0054,14,18,0.7027027027027027,0.75,0.9794067769456107,0.04729729729729726,74,81,3.7297297297297263,6.0,10.729729729729726,-1.0,C,C,72,95,S,0.6217857142857143
control,06,12,user0053,user0054,11,29,0.7029433817648627,0.849542452026924,1.2961852689023232,0.14659907026206132,20,9,-50.294338176486264,-75.9542452026924,-61.294338176486264,-64.9542452026924,I,I,50,50,I,0.0
control,06,13,user0053,user0054,17,28,0.75,0.8510223038171109,1.420627010577875,0.10102230381711086,74,14,-1.0,-71.10223038171108,-61.0,-11.102230381711081,C,I,-100,50,F,-1.171875
control,06,14,user0053,user0054,13,0,0.7009345794392523,0.5491803278688525,0.5245558224475395,0.1517542515703998,84,83,13.90654205607477,28.08196721311475,12.90654205607477,29.08196721311475,C,C,82,105,S,0.6294642857142857
control,06,15,user0053,user0054,25,3,0.8470619499460693,0.5489167733674777,0.9540179336959017,0.29814517657859163,15,13,-69.70619499460693,-41.89167733674777,-71.70619499460693,-39.89167733674777,I,I,50,50,I,0.0
control,06,16,user0053,user0054,7,27,0.6,0.848869551599582,1.0656136362906516,0.24886955159958202,76,76,16.0,-8.886955159958205,16.0,-8.886955159958205,C,I,-25,50,F,-0.5859375
control,06,17,user0053,user0054,19,5,0.7023809523809523,0.6,0.6320633635728413,0.10238095238095235,83,85,12.761904761904773,25.0,14.761904761904773,23.0,C,C,100,130,S,1.0
control,06,18,user0053,user0054,5,19,0.6012269938650306,0.7023809523809523,0.6346209139062265,0.10115395851592168,85,85,24.877300613496935,14.761904761904773,24.877300613496935,14.761904761904773,C,C,115,100,S,0.90625
control,06,19,user0053,user0054,23,16,0.8010602931915703,0.7524015108780087,1.2521980427417299,0.04865878231356169,18,15,-62.10602931915703,-60.24015108780087,-65.10602931915703,-57.24015108780087,I,I,50,50,I,0.0
control,06,20,user0053,user0054,24,10,0.8031088082901554,0.703650620317287,1.1352909085828178,0.09945818797286843,79,14,-1.3108808290155451,-56.3650620317287,-66.31088082901555,8.634937968271302,C,I,-105,50,F,-1.55
control,06,21,user0053,user0054,10,24,0.7037037037037037,0.8035714285714286,1.136882327229277,0.09986772486772488,93,86,22.629629629629633,5.642857142857139,15.629629629629633,12.642857142857139,C,C,130,72,S,0.72
control,06,22,user0053,user0054,29,11,0.8503401360544217,0.7029433817648627,1.299312440029246,0.147396754289559,92,15,6.965986394557831,-55.294338176486264,-70.03401360544217,21.705661823513736,C,I,-75,50,F,-1.25
control,06,23,user0053,user0054,1,6,0.5471698113207547,0.6043956043956044,0.3065281232074445,0.05722579307484965,89,87,34.28301886792453,26.560439560439562,32.28301886792453,28.560439560439562,C,C,122,122,S,1.0
control,06,24,user0053,user0054,27,7,0.8454106280193237,0.6,1.0522575896159758,0.24541062801932367,89,88,4.4589371980676304,28.0,3.4589371980676304,29.0,C,C,114,114,S,1.0
control,06,25,user0053,user0054,16,23,0.7524015108780087,0.8010602931915703,1.2521980427417299,0.04865878231356169,16,13,-59.24015108780087,-67.10602931915703,-62.24015108780087,-64.10602931915703,I,I,50,50,I,0.0
control,06,26,user0053,user0054,2,20,0.5495495495495496,0.8000000000000002,0.7925726099325284,0.25045045045045056,89,8,34.04504504504504,-72.00000000000001,-46.95495495495496,8.999999999999986,C,I,-11,50,F,-0.4765625
control,06,27,user0053,user0054,26,22,0.8471760797342193,0.8008230452674897,1.552034252349325,0.04635303446672956,88,13,3.28239202657808,-67.08230452674897,-71.71760797342192,7.91769547325103,C,I,-205,50,F,-1.7708333333333333
control,06,28,user0053,user0054,28,17,0.8510223038171109,0.7505446623093682,1.4220804999735297,0.10047764150774263,12,12,-73.10223038171108,-63.054466230936825,-73.10223038171108,-63.054466230936825,I,I,50,50,I,0.0
control,06,29,user0053,user0054,21,9,0.8017241379310345,0.6,0.9012851926661353,0.2017241379310345,85,91,4.827586206896555,31.0,10.827586206896555,25.0,C,C,96,100,S,0.8194444444444444
control,06,30,user0053,user0054,6,1,0.6043956043956044,0.5471698113207547,0.3065281232074445,0.05722579307484965,87,100,26.560439560439562,45.28301886792453,39.56043956043956,32.28301886792453,C,C,122,122,S,1.0
treatment,01,1,user0015,user0016,6,1,0.6043956043956044,0.5471698113207547,0.3065281232074445,0.05722579307484965,86,88,25.560439560439562,33.28301886792453,27.560439560439562,31.283018867924532,C,C,122,122,S,1.0
treatment,01,2,user0015,user0016,0,13,0.550561797752809,0.7068062827225131,0.5414319658499853,0.1562444849697041,92,78,36.9438202247191,7.319371727748688,22.943820224719097,21.31937172774869,C,C,130,106,S,1.0
treatment,01,3,user0015,user0016,20,2,0.8,0.5492957746478874,0.7920600522249054,0.2507042253521127,93,87,13.0,32.070422535211264,7.0,38.070422535211264,C,C,130,114,S,1.0
treatment,01,4,user0015,user0016,15,4,0.75,0.5412844036697247,0.6320633635728415,0.20871559633027525,93,83,18.0,28.871559633027523,8.0,38.87155963302752,C,C,130,100,S,1.0
treatment,01,5,user0015,user0016,3,25,0.552,0.8490566037735849,0.9679878809762972,0.2970566037735849,92,83,36.8,-1.9056603773584868,27.799999999999997,7.094339622641513,C,C,106,130,S,1.0
treatment,01,6,user0015,user0016,12,8,0.7009345794392523,0.6028368794326241,0.6345258882458754,0.09809770000662821,94,83,23.90654205607477,22.716312056737593,12.90654205607477,33.71631205673759,C,C,114,106,S,1.0
treatment,01,7,user0015,user0016,9,21,0.6,0.8011049723756906,0.8993399560363141,0.20110497237569058,98,84,38.0,3.8895027624309506,24.0,17.88950276243095,C,C,100,122,S,1.0
treatment,01,8,user0015,user0016,18,14,0.75,0.7023809523809523,0.9786369538528141,0.04761904761904767,95,92,20.0,21.761904761904773,17.0,24.761904761904773,C,C,106,100,S,1.0
treatment,01,9,user0015,user0016,22,26,0.8024691358024691,0.847457627118644,1.5582984878738912,0.04498849131617488,100,94,19.75308641975309,9.254237288135599,13.753086419753089,15.254237288135599,C,C,114,122,S,1.0
treatment,01,10,user0015,user0016,8,12,0.6028368794326241,0.7009345794392523,0.6345258882458754,0.09809770000662821,98,86,37.71631205673759,15.90654205607477,25.716312056737593,27.90654205607477,C,C,106,114,S,1.0
treatment,01,11,user0015,user0016,4,15,0.5412844036697247,0.75,0.6320633635728415,0.20871559633027525,99,87,44.87155963302752,12.0,32.87155963302752,24.0,C,C,100,130,S,1.0
treatment,01,12,user0015,user0016,14,18,0.7023809523809523,0.75,0.9786369538528141,0.04761904761904767,99,88,28.761904761904773,13.0,17.761904761904773,24.0,C,C,100,106,S,1.0
treatment,01,13,user0015,user0016,11,29,0.7024793388429752,0.8484848484848485,1.290949457887655,0.1460055096418733,99,88,28.752066115702476,3.151515151515156,17.752066115702476,14.151515151515156,C,C,122,100,S,1.0
treatment,01,14,user0015,user0016,17,28,0.75,0.851063829787234,1.4207907968633664,0.10106382978723405,99,93,24.0,7.893617021276597,18.0,13.893617021276597,C,C,114,106,S,1.0
treatment,01,15,user0015,user0016,13,0,0.7068062827225131,0.550561797752809,0.5414319658499853,0.1562444849697041,99,87,28.31937172774869,31.943820224719097,16.31937172774869,43.9438202247191,C,C,106,130,S,1.0
treatment,01,16,user0015,user0016,25,3,0.8490566037735849,0.552,0.9679878809762972,0.2970566037735849,99,86,14.094339622641513,30.799999999999997,1.0943396226415132,43.8,C,C,130,106,S,1.0
treatment,01,17,user0015,user0016,7,27,0.6,0.8454106280193237,1.0522575896159758,0.24541062801932367,97,83,37.0,-1.5410628019323696,23.0,12.45893719806763,C,C,114,114,S,1.0
treatment,01,18,user0015,user0016,19,5,0.7023809523809523,0.6,0.6320633635728413,0.10238095238095235,100,91,29.761904761904773,31.0,20.761904761904773,40.0,C,C,100,130,S,1.0
treatment,01,19,user0015,user0016,5,19,0.6,0.7023809523809523,0.6320633635728413,0.10238095238095235,98,84,38.0,13.761904761904773,24.0,27.761904761904773,C,C,130,100,S,1.0
treatment,01,20,user0015,user0016,23,16,0.800711743772242,0.7534246575342466,1.2538550694027886,0.04728708623799538,96,85,15.928825622775804,9.657534246575338,4.928825622775804,20.657534246575338,C,C,106,122,S,1.0
treatment,01,21,user0015,user0016,24,10,0.8,0.7037037037037037,1.1256458993032477,0.09629629629629632,96,92,16.0,21.629629629629633,12.0,25.629629629629633,C,C,100,130,S,1.0
treatment,01,22,user0015,user0016,10,24,0.7037037037037037,0.8,1.1256458993032477,0.09629629629629632,97,86,26.629629629629633,6.0,15.629629629629633,17.0,C,C,130,100,S,1.0
treatment,01,23,user0015,user0016,29,11,0.8484848484848485,0.7024793388429752,1.290949457887655,0.1460055096418733,99,91,14.151515151515156,20.752066115702476,6.151515151515156,28.752066115702476,C,C,100,122,S,1.0
treatment,01,24,user0015,user0016,1,6,0.5471698113207547,0.6043956043956044,0.3065281232074445,0.05722579307484965,99,96,44.28301886792453,35.56043956043956,41.28301886792453,38.56043956043956,C,C,122,122,S,1.0
treatment,01,25,user0015,user0016,27,7,0.8454106280193237,0.6,1.0522575896159758,0.24541062801932367,99,83,14.45893719806763,23.0,-1.5410628019323696,39.0,C,C,114,114,S,1.0
treatment,01,26,user0015,user0016,16,23,0.7534246575342466,0.800711743772242,1.2538550694027886,0.04728708623799538,97,91,21.657534246575338,10.928825622775804,15.657534246575338,16.928825622775804,C,C,122,106,S,1.0
treatment,01,27,user0015,user0016,2,20,0.5492957746478874,0.8,0.7920600522249054,0.2507042253521127,98,92,43.070422535211264,12.0,37.070422535211264,18.0,C,C,114,130,S,1.0
treatment,01,28,user0015,user0016,26,22,0.847457627118644,0.8024691358024691,1.5582984878738912,0.04498849131617488,97,88,12.254237288135599,7.753086419753089,3.2542372881355988,16.75308641975309,C,C,122,114,S,1.0
treatment,01,29,user0015,user0016,28,17,0.851063829787234,0.75,1.4207907968633664,0.10106382978723405,98,87,12.893617021276597,12.0,1.8936170212765973,23.0,C,C,106,114,S,1.0
treatment,01,30,user0015,user0016,21,9,0.8011049723756906,0.6,0.8993399560363141,0.20110497237569058,99,95,18.88950276243095,35.0,14.88950276243095,39.0,C,C,122,100,S,1.0
treatment,01,1,user0017,user0018,0,13,0.5491803278688525,0.7009345794392523,0.5245558224475395,0.1517542515703998,91,83,36.08196721311475,12.90654205607477,28.08196721311475,20.90654205607477,C,C,105,82,S,0.6294642857142857
treatment,01,2,user0017,user0018,20,2,0.8,0.5529411764705883,0.7994279015517818,0.24705882352941178,84,82,4.0,26.705882352941174,2.0,28.705882352941174,C,C,105,88,S,0.640625
treatment,01,3,user0017,user0018,15,4,0.751131221719457,0.5412844036697247,0.6350845208008228,0.20984681804973226,90,83,14.886877828054295,28.871559633027523,7.8868778280542955,35.87155963302752,C,C,105,100,S,0.84375
treatment,01,4,user0017,user0018,3,25,0.5492957746478874,0.8490566037735849,0.962523345710202,0.29976082912569757,82,87,27.070422535211264,2.094339622641513,32.070422535211264,-2.905660377358487,C,C,82,130,S,0.7857142857142857
treatment,01,5,user0017,user0018,12,8,0.7005988023952096,0.6017699115044248,0.6314980723876986,0.09882889089078473,90,87,19.94011976047905,26.823008849557517,16.94011976047905,29.823008849557517,C,C,100,95,S,0.7924107142857143
treatment,01,6,user0017,user0018,9,21,0.6,0.8011049723756906,0.8993399560363141,0.20110497237569058,85,89,25.0,8.88950276243095,29.0,4.889502762430951,C,C,72,122,S,0.72
treatment,01,7,user0017,user0018,18,14,0.75,0.7023809523809523,0.9786369538528141,0.04761904761904767,90,90,15.0,19.761904761904773,15.0,19.761904761904773,C,C,82,100,S,0.7857142857142857
treatment,01,8,user0017,user0018,22,26,0.8,0.8527131782945736,1.571167873872933,0.05271317829457356,89,92,9.0,6.7286821705426405,12.0,3.7286821705426405,C,C,88,107,S,0.6927083333333333
treatment,01,9,user0017,user0018,8,12,0.6017699115044248,0.703125,0.6375343630048332,0.10135508849557517,76,91,15.823008849557517,20.6875,30.823008849557517,5.6875,C,C,95,88,S,0.6986607142857143
treatment,01,10,user0017,user0018,4,15,0.5412844036697247,0.751131221719457,0.6350845208008228,0.20984681804973226,88,95,33.87155963302752,19.886877828054295,40.87155963302752,12.886877828054295,C,C,100,105,S,0.84375
treatment,01,11,user0017,user0018,14,18,0.7023809523809523,0.75,0.9786369538528141,0.04761904761904767,85,95,14.761904761904773,20.0,24.761904761904773,10.0,C,C,100,106,S,1.0
treatment,01,12,user0017,user0018,11,29,0.7024793388429752,0.8503401360544217,1.2982018009890957,0.14786079721144652,90,97,19.752066115702476,11.96598639455783,26.752066115702476,4.965986394557831,C,C,122,72,S,0.72
treatment,01,13,user0017,user0018,17,28,0.75,0.851063829787234,1.4207907968633664,0.10106382978723405,89,98,14.0,12.893617021276597,23.0,3.8936170212765973,C,C,100,106,S,0.890625
treatment,01,14,user0017,user0018,13,0,0.7,0.550561797752809,0.5251193521919469,0.14943820224719095,85,99,15.0,43.9438202247191,29.0,29.943820224719097,C,C,95,130,S,0.9017857142857143
treatment,01,15,user0017,user0018,25,3,0.8450704225352113,0.5454545454545454,0.9393854231088422,0.29961587708066584,97,97,12.49295774647888,42.45454545454546,12.49295774647888,42.45454545454546,C,C,105,95,S,0.7455357142857143
treatment,01,16,user0017,user0018,7,27,0.6,0.8484848484848485,1.064115852924634,0.24848484848484853,98,99,38.0,14.151515151515156,39.0,13.151515151515156,C,C,100,100,S,0.78125
treatment,01,17,user0017,user0018,19,5,0.75,0.6012269938650306,0.7545962487215222,0.14877300613496935,90,100,15.0,39.877300613496935,25.0,29.877300613496935,C,C,72,115,S,0.62625
treatment,01,18,user0017,user0018,5,19,0.6012269938650306,0.75,0.7545962487215222,0.14877300613496935,97,87,36.877300613496935,12.0,26.877300613496935,22.0,C,C,115,72,S,0.62625
treatment,01,19,user0017,user0018,23,16,0.8,0.7510917030567685,1.2453687850493966,0.04890829694323151,94,94,14.0,18.890829694323145,14.0,18.890829694323145,C,C,95,107,S,0.7976190476190477
treatment,01,20,user0017,user0018,24,10,0.8,0.7037037037037037,1.1256458993032477,0.09629629629629632,93,95,13.0,24.629629629629633,15.0,22.629629629629633,C,C,100,130,S,1.0
treatment,01,21,user0017,user0018,10,24,0.7045454545454546,0.8035714285714286,1.1389025319977795,0.09902597402597402,91,98,20.545454545454547,17.64285714285714,27.545454545454547,10.642857142857139,C,C,115,72,S,0.62625
treatment,01,22,user0017,user0018,29,11,0.849802371541502,0.703125,1.297637689502578,0.14667737154150196,91,97,6.019762845849812,26.6875,12.019762845849812,20.6875,C,C,88,107,S,0.7758333333333334
treatment,01,23,user0017,user0018,1,6,0.5471698113207547,0.603448275862069,0.3045479225993961,0.056278464541314244,98,96,43.28301886792453,35.6551724137931,41.28301886792453,37.6551724137931,C,C,122,96,S,0.8194444444444444
treatment,01,24,user0017,user0018,27,7,0.8484848484848485,0.6,1.064115852924634,0.24848484848484853,91,98,6.151515151515156,38.0,13.151515151515156,31.0,C,C,100,114,S,0.890625
treatment,01,25,user0017,user0018,16,23,0.7526881720430108,0.800711743772242,1.25187486879474,0.04802357172923122,87,99,11.731182795698928,18.928825622775804,23.731182795698928,6.928825622775804,C,C,96,106,S,0.8194444444444444
treatment,01,26,user0017,user0018,2,20,0.5492957746478874,0.8,0.7920600522249054,0.2507042253521127,97,98,42.070422535211264,18.0,43.070422535211264,17.0,C,C,114,130,S,1.0
treatment,01,27,user0017,user0018,26,22,0.8471760797342193,0.8024691358024691,1.5572103481625934,0.04470694393175012,93,100,8.28239202657808,19.75308641975309,15.28239202657808,12.753086419753089,C,C,96,114,S,0.8194444444444444
treatment,01,28,user0017,user0018,28,17,0.847457627118644,0.75,1.4067053583800182,0.09745762711864403,100,99,15.254237288135599,24.0,14.254237288135599,25.0,C,C,95,114,S,0.9017857142857143
treatment,01,29,user0017,user0018,21,9,0.8013937282229965,0.6,0.9002465745984046,0.2013937282229965,98,100,17.86062717770035,40.0,19.86062717770035,38.0,C,C,107,100,S,0.8958333333333333
treatment,01,30,user0017,user0018,6,1,0.6043956043956044,0.5471698113207547,0.3065281232074445,0.05722579307484965,99,100,38.56043956043956,45.28301886792453,39.56043956043956,44.28301886792453,C,C,122,122,S,1.0
treatment,02,1,user0019,user0020,6,1,0.6043956043956044,0.5471698113207547,0.3065281232074445,0.05722579307484965,100,71,39.56043956043956,16.283018867924532,10.560439560439562,45.28301886792453,C,C,122,122,S,1.0
treatment,02,2,user0019,user0020,0,13,0.550561797752809,0.7068062827225131,0.5414319658499853,0.1562444849697041,100,66,44.9438202247191,-4.680628272251312,10.943820224719097,29.31937172774869,C,C,130,106,S,1.0
treatment,02,3,user0019,user0020,20,2,0.8,0.5492957746478874,0.7920600522249054,0.2507042253521127,100,73,20.0,18.070422535211264,-7.0,45.070422535211264,C,C,130,114,S,1.0
treatment,02,4,user0019,user0020,15,4,0.751131221719457,0.5412844036697247,0.6350845208008228,0.20984681804973226,97,65,21.886877828054295,10.871559633027523,-10.113122171945705,42.87155963302752,C,C,105,100,S,0.84375
treatment,02,5,user0019,user0020,3,25,0.552,0.8490566037735849,0.9679878809762972,0.2970566037735849,88,61,32.8,-23.905660377358487,5.799999999999997,3.094339622641513,C,C,106,130,S,1.0
treatment,02,6,user0019,user0020,12,8,0.7009345794392523,0.6028368794326241,0.6345258882458754,0.09809770000662821,94,68,23.90654205607477,7.716312056737593,-2.0934579439252303,33.71631205673759,C,C,114,106,S,1.0
treatment,02,7,user0019,user0020,9,21,0.6,0.8017241379310345,0.9012851926661353,0.2017241379310345,95,56,35.0,-24.172413793103445,-4.0,14.827586206896555,C,C,100,96,S,0.8194444444444444
treatment,02,8,user0019,user0020,18,14,0.75,0.7023809523809523,0.9786369538528141,0.04761904761904767,98,67,23.0,-3.2380952380952266,-8.0,27.761904761904773,C,C,106,100,S,1.0
treatment,02,9,user0019,user0020,22,26,0.8024691358024691,0.8471760797342193,1.5572103481625934,0.04470694393175012,98,63,17.75308641975309,-21.71760797342192,-17.24691358024691,13.28239202657808,C,C,114,96,S,0.8194444444444444
treatment,02,10,user0019,user0020,8,12,0.6028368794326241,0.7009345794392523,0.6345258882458754,0.09809770000662821,99,61,38.71631205673759,-9.09345794392523,0.7163120567375927,28.90654205607477,C,C,106,114,S,1.0
treatment,02,11,user0019,user0020,4,15,0.5412844036697247,0.75,0.6320633635728415,0.20871559633027525,99,57,44.87155963302752,-18.0,2.8715596330275233,24.0,C,C,100,130,S,1.0
treatment,02,12,user0019,user0020,14,18,0.7023809523809523,0.75,0.9786369538528141,0.04761904761904767,100,59,29.761904761904773,-16.0,-11.238095238095227,25.0,C,C,100,106,S,1.0
treatment,02,13,user0019,user0020,11,29,0.703125,0.8484848484848485,1.2924950541724916,0.1453598484848485,100,60,29.6875,-24.848484848484844,-10.3125,15.151515151515156,C,C,107,100,S,0.8958333333333333
treatment,02,14,user0019,user0020,17,28,0.75,0.851063829787234,1.4207907968633664,0.10106382978723405,99,57,24.0,-28.106382978723403,-18.0,13.893617021276597,C,C,114,106,S,1.0
treatment,02,15,user0019,user0020,13,0,0.7068062827225131,0.550561797752809,0.5414319658499853,0.1562444849697041,99,57,28.31937172774869,1.9438202247190972,-13.680628272251312,43.9438202247191,C,C,106,130,S,1.0
treatment,02,16,user0019,user0020,25,3,0.8490566037735849,0.552,0.9679878809762972,0.2970566037735849,99,58,14.094339622641513,2.799999999999997,-26.905660377358487,43.8,C,C,130,106,S,1.0
treatment,02,17,user0019,user0020,7,27,0.6,0.8454106280193237,1.0522575896159758,0.24541062801932367,96,55,36.0,-29.54106280193237,-5.0,11.45893719806763,C,C,114,114,S,1.0
treatment,02,18,user0019,user0020,19,5,0.7023809523809523,0.6014492753623188,0.6350845208008227,0.10093167701863348,100,63,29.761904761904773,2.855072463768117,-7.238095238095227,39.85507246376812,C,C,100,105,S,0.84375
treatment,02,19,user0019,user0020,5,19,0.6,0.75,0.752038698388137,0.15000000000000002,100,57,40.0,-18.0,-3.0,25.0,C,C,130,72,S,0.72
treatment,02,20,user0019,user0020,23,16,0.800711743772242,0.7534246575342466,1.2538550694027886,0.04728708623799538,98,62,17.928825622775804,-13.342465753424662,-18.071174377224196,22.657534246575338,C,C,106,122,S,1.0
treatment,02,21,user0019,user0020,24,10,0.8,0.7037037037037037,1.1256458993032477,0.09629629629629632,100,60,20.0,-10.370370370370367,-20.0,29.629629629629633,C,C,100,130,S,1.0
treatment,02,22,user0019,user0020,10,24,0.7037037037037037,0.8,1.1256458993032477,0.09629629629629632,99,61,28.629629629629633,-19.0,-9.370370370370367,19.0,C,C,130,100,S,1.0
treatment,02,23,user0019,user0020,29,11,0.8484848484848485,0.7024793388429752,1.290949457887655,0.1460055096418733,99,62,14.151515151515156,-8.247933884297524,-22.848484848484844,28.752066115702476,C,C,100,122,S,1.0
treatment,02,24,user0019,user0020,1,6,0.5471698113207547,0.6043956043956044,0.3065281232074445,0.05722579307484965,99,54,44.28301886792453,-6.439560439560438,-0.7169811320754675,38.56043956043956,C,C,122,122,S,1.0
treatment,02,25,user0019,user0020,27,7,0.8454106280193237,0.6,1.0522575896159758,0.24541062801932367,99,58,14.45893719806763,-2.0,-26.54106280193237,39.0,C,C,114,114,S,1.0
treatment,02,26,user0019,user0020,16,23,0.7534246575342466,0.800711743772242,1.2538550694027886,0.04728708623799538,100,55,24.657534246575338,-25.071174377224196,-20.342465753424662,19.928825622775804,C,C,122,106,S,1.0
treatment,02,27,user0019,user0020,2,20,0.5492957746478874,0.8,0.7920600522249054,0.2507042253521127,100,55,45.070422535211264,-25.0,0.0704225352112644,20.0,C,C,114,130,S,1.0
treatment,02,28,user0019,user0020,26,22,0.847457627118644,0.8024691358024691,1.5582984878738912,0.04498849131617488,100,59,15.254237288135599,-21.24691358024691,-25.7457627118644,19.75308641975309,C,C,122,114,S,1.0
treatment,02,29,user0019,user0020,28,17,0.851063829787234,0.75,1.4207907968633664,0.10106382978723405,100,63,14.893617021276597,-12.0,-22.106382978723403,25.0,C,C,106,114,S,1.0
treatment,02,30,user0019,user0020,21,9,0.8011049723756906,0.6,0.8993399560363141,0.20110497237569058,100,55,19.88950276243095,-5.0,-25.11049723756905,40.0,C,C,122,100,S,1.0
treatment,02,1,user0021,user0022,0,13,0.550561797752809,0.7068062827225131,0.5414319658499853,0.1562444849697041,97,69,41.9438202247191,-1.6806282722513117,13.943820224719097,26.31937172774869,C,C,130,106,S,1.0
treatment,02,2,user0021,user0022,20,2,0.8,0.5492957746478874,0.7920600522249054,0.2507042253521127,97,59,17.0,4.070422535211264,-21.0,42.070422535211264,C,C,130,114,S,1.0
treatment,02,3,user0021,user0022,15,4,0.75,0.5412844036697247,0.6320633635728415,0.20871559633027525,95,63,20.0,8.871559633027523,-12.0,40.87155963302752,C,C,130,100,S,1.0
treatment,02,4,user0021,user0022,3,25,0.552,0.8490566037735849,0.9679878809762972,0.2970566037735849,95,64,39.8,-20.905660377358487,8.799999999999997,10.094339622641513,C,C,106,130,S,1.0
treatment,02,5,user0021,user0022,12,8,0.7009345794392523,0.6028368794326241,0.6345258882458754,0.09809770000662821,96,58,25.90654205607477,-2.2836879432624073,-12.09345794392523,35.71631205673759,C,C,114,106,S,1.0
treatment,02,6,user0021,user0022,9,21,0.6,0.8011049723756906,0.8993399560363141,0.20110497237569058,96,64,36.0,-16.11049723756905,4.0,15.88950276243095,C,C,100,122,S,1.0
treatment,02,7,user0021,user0022,18,14,0.75,0.7023809523809523,0.9786369538528141,0.04761904761904767,94,61,19.0,-9.238095238095227,-14.0,23.761904761904773,C,C,106,100,S,1.0
treatment,02,8,user0021,user0022,22,26,0.8024691358024691,0.847457627118644,1.5582984878738912,0.04498849131617488,95,67,14.753086419753089,-17.7457627118644,-13.246913580246911,10.254237288135599,C,C,114,122,S,1.0
treatment,02,9,user0021,user0022,8,12,0.6028368794326241,0.7009345794392523,0.6345258882458754,0.09809770000662821,96,67,35.71631205673759,-3.0934579439252303,6.716312056737593,25.90654205607477,C,C,106,114,S,1.0
treatment,02,10,user0021,user0022,4,15,0.5412844036697247,0.75,0.6320633635728415,0.20871559633027525,96,70,41.87155963302752,-5.0,15.871559633027523,21.0,C,C,100,130,S,1.0
treatment,02,11,user0021,user0022,14,18,0.7023809523809523,0.75,0.9786369538528141,0.04761904761904767,94,69,23.761904761904773,-6.0,-1.2380952380952266,19.0,C,C,100,106,S,1.0
treatment,02,12,user0021,user0022,11,29,0.7024793388429752,0.8484848484848485,1.290949457887655,0.1460055096418733,96,67,25.752066115702476,-17.848484848484844,-3.247933884297524,11.151515151515156,C,C,122,100,S,1.0
treatment,02,13,user0021,user0022,17,28,0.75,0.851063829787234,1.4207907968633664,0.10106382978723405,96,63,21.0,-22.106382978723403,-12.0,10.893617021276597,C,C,114,106,S,1.0
treatment,02,14,user0021,user0022,13,0,0.7068062827225131,0.550561797752809,0.5414319658499853,0.1562444849697041,95,60,24.31937172774869,4.943820224719097,-10.680628272251312,39.9438202247191,C,C,106,130,S,1.0
treatment,02,15,user0021,user0022,25,3,0.8490566037735849,0.552,0.9679878809762972,0.2970566037735849,97,62,12.094339622641513,6.799999999999997,-22.905660377358487,41.8,C,C,130,106,S,1.0
treatment,02,16,user0021,user0022,7,27,0.6,0.8454106280193237,1.0522575896159758,0.24541062801932367,97,67,37.0,-17.54106280193237,7.0,12.45893719806763,C,C,114,114,S,1.0
treatment,02,17,user0021,user0022,19,5,0.7023809523809523,0.6,0.6320633635728413,0.10238095238095235,98,62,27.761904761904773,2.0,-8.238095238095227,38.0,C,C,100,130,S,1.0
treatment,02,18,user0021,user0022,5,19,0.6,0.7023809523809523,0.6320633635728413,0.10238095238095235,97,68,37.0,-2.2380952380952266,8.0,26.761904761904773,C,C,130,100,S,1.0
treatment,02,19,user0021,user0022,23,16,0.800711743772242,0.7534246575342466,1.2538550694027886,0.04728708623799538,96,62,15.928825622775804,-13.342465753424662,-18.071174377224196,20.657534246575338,C,C,106,122,S,1.0
treatment,02,20,user0021,user0022,24,10,0.8,0.7037037037037037,1.1256458993032477,0.09629629629629632,90,65,10.0,-5.370370370370367,-15.0,19.629629629629633,C,C,100,130,S,1.0
treatment,02,21,user0021,user0022,10,24,0.7037037037037037,0.8,1.1256458993032477,0.09629629629629632,98,67,27.629629629629633,-13.0,-3.3703703703703667,18.0,C,C,130,100,S,1.0
treatment,02,22,user0021,user0022,29,11,0.8484848484848485,0.7024793388429752,1.290949457887655,0.1460055096418733,94,65,9.151515151515156,-5.247933884297524,-19.848484848484844,23.752066115702476,C,C,100,122,S,1.0
treatment,02,23,user0021,user0022,1,6,0.5471698113207547,0.6043956043956044,0.3065281232074445,0.05722579307484965,94,67,39.28301886792453,6.560439560439562,12.283018867924532,33.56043956043956,C,C,122,122,S,1.0
treatment,02,24,user0021,user0022,27,7,0.8454106280193237,0.6,1.0522575896159758,0.24541062801932367,91,65,6.4589371980676304,5.0,-19.54106280193237,31.0,C,C,114,114,S,1.0
treatment,02,25,user0021,user0022,16,23,0.7534246575342466,0.800711743772242,1.2538550694027886,0.04728708623799538,95,63,19.657534246575338,-17.071174377224196,-12.342465753424662,14.928825622775804,C,C,122,106,S,1.0
treatment,02,26,user0021,user0022,2,20,0.5492957746478874,0.8,0.7920600522249054,0.2507042253521127,92,67,37.070422535211264,-13.0,12.070422535211264,12.0,C,C,114,130,S,1.0
treatment,02,27,user0021,user0022,26,22,0.847457627118644,0.8024691358024691,1.5582984878738912,0.04498849131617488,95,63,10.254237288135599,-17.24691358024691,-21.7457627118644,14.753086419753089,C,C,122,114,S,1.0
treatment,02,28,user0021,user0022,28,17,0.851063829787234,0.75,1.4207907968633664,0.10106382978723405,93,61,7.893617021276597,-14.0,-24.106382978723403,18.0,C,C,106,114,S,1.0
treatment,02,29,user0021,user0022,21,9,0.8011049723756906,0.6,0.8993399560363141,0.20110497237569058,94,67,13.88950276243095,7.0,-13.11049723756905,34.0,C,C,122,100,S,1.0
treatment,02,30,user0021,user0022,6,1,0.6043956043956044,0.5471698113207547,0.3065281232074445,0.05722579307484965,96,68,35.56043956043956,13.283018867924532,7.560439560439562,41.28301886792453,C,C,122,122,S,1.0
treatment,03,1,user0031,user0032,6,1,0.603448275862069,0.5471698113207547,0.3045479225993961,0.056278464541314244,96,69,35.6551724137931,14.283018867924532,8.655172413793103,41.28301886792453,C,C,96,122,S,0.8194444444444444
treatment,03,2,user0031,user0032,0,13,0.5491803278688525,0.7068062827225131,0.5386412609308878,0.1576259548536606,100,73,45.08196721311475,2.3193717277486883,18.08196721311475,29.31937172774869,C,C,105,106,S,0.84375
treatment,03,3,user0031,user0032,20,2,0.8000000000000002,0.5505955002226751,0.7946857043701983,0.24940449977732504,99,27,18.999999999999986,-28.05955002226751,-53.000000000000014,43.94044997773249,I,I,50,50,I,0.0
treatment,03,4,user0031,user0032,15,4,0.7503770739064857,0.5466412864840126,0.64386674574931,0.2037357874224731,98,72,22.962292609351437,17.335871351598747,-3.0377073906485634,43.33587135159875,I,I,50,50,I,0.0
treatment,03,5,user0031,user0032,3,25,0.552,0.8470619499460693,0.9602478542411899,0.29506194994606927,96,50,40.8,-34.70619499460693,-5.200000000000003,11.293805005393068,C,I,-19,50,F,-0.6160714285714286
treatment,03,6,user0031,user0032,12,8,0.7005988023952096,0.6,0.6278080187388871,0.10059880239520957,98,68,27.94011976047905,8.0,-2.0598802395209503,38.0,C,C,100,82,S,0.6763392857142857
treatment,03,7,user0031,user0032,9,21,0.6,0.8014076128432405,0.900290193681393,0.2014076128432405,99,31,39.0,-49.14076128432404,-29.0,18.859238715675957,C,I,17,50,F,-0.33
treatment,03,8,user0031,user0032,18,14,0.75,0.7027027027027027,0.9794067769456107,0.04729729729729726,99,67,24.0,-3.2702702702702737,-8.0,28.729729729729726,C,C,82,72,S,0.5057142857142857
treatment,03,9,user0031,user0032,22,26,0.8008230452674897,0.8491156283824789,1.5595639670427381,0.048292583114989185,99,50,18.91769547325103,-34.91156283824789,-30.08230452674897,14.088437161752111,I,I,50,50,I,0.0
treatment,03,10,user0031,user0032,8,12,0.6028368794326241,0.7015527939448206,0.6360013340324625,0.09871591451219652,100,68,39.71631205673759,-2.155279394482065,7.716312056737593,29.844720605517935,C,I,-35,50,F,-0.7589285714285714
treatment,03,11,user0031,user0032,4,15,0.5466412864840126,0.7503770739064857,0.64386674574931,0.2037357874224731,100,68,45.33587135159875,-7.037707390648563,13.335871351598747,24.962292609351437,I,I,50,50,I,0.0
treatment,03,12,user0031,user0032,14,18,0.7023809523809523,0.75,0.9786369538528141,0.04761904761904767,98,39,27.761904761904773,-36.0,-31.238095238095227,23.0,C,C,100,106,S,1.0
treatment,03,13,user0031,user0032,11,29,0.7029433817648627,0.849542452026924,1.2961852689023232,0.14659907026206132,100,71,29.705661823513736,-13.954245202692405,0.7056618235137364,15.045754797307595,I,I,50,50,I,0.0
treatment,03,14,user0031,user0032,17,28,0.7505446623093682,0.8510223038171109,1.4220804999735297,0.10047764150774263,100,66,24.945533769063175,-19.10223038171108,-9.054466230936825,14.897769618288919,I,I,50,50,I,0.0
treatment,03,15,user0031,user0032,13,0,0.7009345794392523,0.550561797752809,0.527346527366637,0.1503727816864433,98,64,27.90654205607477,8.943820224719097,-6.09345794392523,42.9438202247191,C,C,82,130,S,0.7857142857142857
treatment,03,16,user0031,user0032,25,3,0.8470619499460693,0.5489167733674777,0.9540179336959017,0.29814517657859163,100,30,15.293805005393068,-24.89167733674777,-54.70619499460693,45.10832266325223,I,I,50,50,I,0.0
treatment,03,17,user0031,user0032,7,27,0.6,0.848869551599582,1.0656136362906516,0.24886955159958202,99,64,39.0,-20.886955159958205,4.0,14.113044840041795,C,I,-46,50,F,-0.75
treatment,03,18,user0031,user0032,19,5,0.7023809523809523,0.6014492753623188,0.6350845208008227,0.10093167701863348,99,70,28.761904761904773,9.855072463768117,-0.2380952380952266,38.85507246376812,C,C,100,105,S,0.84375
treatment,03,19,user0031,user0032,5,19,0.6,0.7346716464363524,0.7119603194684171,0.13467164643635243,99,62,39.0,-11.467164643635243,2.0,25.532835356364757,C,I,-70,50,F,-0.75
treatment,03,20,user0031,user0032,23,16,0.8010602931915703,0.7524015108780087,1.2521980427417299,0.04865878231356169,99,68,18.89397068084297,-7.240151087800868,-12.106029319157031,23.759848912199132,I,I,50,50,I,0.0
treatment,03,21,user0031,user0032,24,10,0.8035714285714286,0.7037037037037037,1.136882327229277,0.09986772486772488,97,78,16.64285714285714,7.629629629629633,-2.357142857142861,26.629629629629633,C,C,72,130,S,0.72
treatment,03,22,user0031,user0032,10,24,0.703650620317287,0.8022267456205281,1.1325064792596715,0.09857612530324111,98,23,27.634937968271302,-57.222674562052816,-47.3650620317287,17.777325437947184,I,I,50,50,I,0.0
treatment,03,23,user0031,user0032,29,11,0.849802371541502,0.7032258064516129,1.2978791770706628,0.14657656508988903,100,71,15.019762845849812,0.6774193548387046,-13.980237154150188,29.677419354838705,C,C,88,96,S,0.6994444444444444
treatment,03,24,user0031,user0032,1,6,0.5511811023622047,0.6013986013986014,0.3083700013168832,0.05021749903639661,97,67,41.881889763779526,6.860139860139867,11.881889763779526,36.86013986013987,C,C,107,107,S,0.7916666666666666
treatment,03,25,user0031,user0032,27,7,0.848869551599582,0.6013888888888889,1.068508838358004,0.24748066271069313,100,71,15.113044840041795,10.861111111111114,-13.886955159958205,39.861111111111114,I,I,50,50,I,0.0
treatment,03,26,user0031,user0032,16,23,0.7524015108780087,0.8010602931915703,1.2521980427417299,0.04865878231356169,98,66,22.759848912199132,-14.106029319157031,-9.240151087800868,17.89397068084297,I,I,50,50,I,0.0
treatment,03,27,user0031,user0032,2,20,0.5492957746478874,0.8000000000000002,0.7920600522249057,0.2507042253521128,99,71,44.070422535211264,-9.000000000000014,16.070422535211264,18.999999999999986,C,I,-28,50,F,-0.609375
treatment,03,28,user0031,user0032,26,22,0.8491156283824789,0.8008230452674897,1.5595639670427381,0.048292583114989185,99,66,14.088437161752111,-14.08230452674897,-18.91156283824789,18.91769547325103,I,I,50,50,I,0.0
treatment,03,29,user0031,user0032,28,17,0.8510223038171109,0.7505446623093682,1.4220804999735297,0.10047764150774263,100,72,14.897769618288919,-3.054466230936825,-13.102230381711081,24.945533769063175,I,I,50,50,I,0.0
treatment,03,30,user0031,user0032,21,9,0.8014076128432405,0.6,0.900290193681393,0.2014076128432405,98,75,17.859238715675957,15.0,-5.140761284324043,38.0,I,C,50,17,F,-0.33
treatment,03,1,user0033,user0034,0,13,0.5422535211267606,0.7068062827225131,0.5246706198306637,0.1645527615957525,100,93,45.77464788732394,22.31937172774869,38.77464788732394,29.31937172774869,C,C,115,106,S,0.90625
treatment,03,2,user0033,user0034,20,2,0.8,0.5495495495495496,0.7925726099325281,0.25045045045045045,98,93,18.0,38.04504504504504,13.0,43.04504504504504,C,C,105,100,S,0.734375
treatment,03,3,user0033,user0034,15,4,0.75,0.5476190476190477,0.6448337627154096,0.20238095238095233,100,97,25.0,42.238095238095234,22.0,45.238095238095234,C,C,130,88,S,0.88
treatment,03,4,user0033,user0034,3,25,0.5454545454545454,0.8490566037735849,0.9547712524422193,0.3036020583190395,98,95,43.45454545454546,10.094339622641513,40.45454545454546,13.094339622641513,C,C,95,130,S,0.9017857142857143
treatment,03,5,user0033,user0034,12,8,0.7009345794392523,0.6028368794326241,0.6345258882458754,0.09809770000662821,100,97,29.90654205607477,36.71631205673759,26.90654205607477,39.71631205673759,C,C,114,106,S,1.0
treatment,03,6,user0033,user0034,9,21,0.6,0.8017241379310345,0.9012851926661353,0.2017241379310345,97,94,37.0,13.827586206896555,34.0,16.827586206896555,C,C,100,96,S,0.8194444444444444
treatment,03,7,user0033,user0034,18,14,0.75,0.7027027027027027,0.9794067769456107,0.04729729729729726,99,96,24.0,25.729729729729726,21.0,28.729729729729726,C,C,106,72,S,0.72
treatment,03,8,user0033,user0034,22,26,0.8024691358024691,0.847457627118644,1.5582984878738912,0.04498849131617488,99,98,18.75308641975309,13.254237288135599,17.75308641975309,14.254237288135599,C,C,114,122,S,1.0
treatment,03,9,user0033,user0034,8,12,0.6028368794326241,0.7005988023952096,0.6337252475623886,0.09776192296258546,99,98,38.71631205673759,27.94011976047905,37.71631205673759,28.94011976047905,C,C,106,100,S,0.890625
treatment,03,10,user0033,user0034,4,15,0.5412844036697247,0.751131221719457,0.6350845208008228,0.20984681804973226,99,98,44.87155963302752,22.886877828054295,43.87155963302752,23.886877828054295,C,C,100,105,S,0.84375
treatment,03,11,user0033,user0034,14,18,0.7023809523809523,0.75,0.9786369538528141,0.04761904761904767,98,98,27.761904761904773,23.0,27.761904761904773,23.0,C,C,100,95,S,0.9017857142857143
treatment,03,12,user0033,user0034,11,29,0.7024793388429752,0.8484848484848485,1.290949457887655,0.1460055096418733,98,97,27.752066115702476,12.151515151515156,26.752066115702476,13.151515151515156,C,C,122,100,S,1.0
treatment,03,13,user0033,user0034,17,28,0.75,0.851063829787234,1.4207907968633664,0.10106382978723405,99,97,24.0,11.893617021276597,22.0,13.893617021276597,C,C,114,106,S,1.0
treatment,03,14,user0033,user0034,13,0,0.7068062827225131,0.550561797752809,0.5414319658499853,0.1562444849697041,100,97,29.31937172774869,41.9438202247191,26.31937172774869,44.9438202247191,C,C,106,130,S,1.0
treatment,03,15,user0033,user0034,25,3,0.8490566037735849,0.552,0.9679878809762972,0.2970566037735849,100,98,15.094339622641513,42.8,13.094339622641513,44.8,C,C,130,106,S,1.0
treatment,03,16,user0033,user0034,7,27,0.6,0.8527131782945736,1.0807532473670698,0.2527131782945736,99,99,39.0,13.72868217054264,39.0,13.72868217054264,C,C,114,88,S,0.796875
treatment,03,17,user0033,user0034,19,5,0.7023809523809523,0.6014492753623188,0.6350845208008227,0.10093167701863348,100,99,29.761904761904773,38.85507246376812,28.761904761904773,39.85507246376812,C,C,100,105,S,0.84375
treatment,03,18,user0033,user0034,5,19,0.6,0.7023809523809523,0.6320633635728413,0.10238095238095235,100,99,40.0,28.761904761904773,39.0,29.761904761904773,C,C,130,100,S,1.0
treatment,03,19,user0033,user0034,23,16,0.800711743772242,0.7534246575342466,1.2538550694027886,0.04728708623799538,100,97,19.928825622775804,21.657534246575338,16.928825622775804,24.657534246575338,C,C,106,122,S,1.0
treatment,03,20,user0033,user0034,24,10,0.8,0.7027027027027027,1.1232478131715014,0.0972972972972973,100,96,20.0,25.729729729729726,16.0,29.729729729729726,C,C,100,105,S,0.84375
treatment,03,21,user0033,user0034,10,24,0.7037037037037037,0.8031088082901554,1.1354181973397326,0.09940510458645169,98,96,27.629629629629633,15.689119170984455,25.629629629629633,17.689119170984455,C,C,130,88,S,0.88
treatment,03,22,user0033,user0034,29,11,0.8484848484848485,0.7024793388429752,1.290949457887655,0.1460055096418733,100,97,15.151515151515156,26.752066115702476,12.151515151515156,29.752066115702476,C,C,100,122,S,1.0
treatment,03,23,user0033,user0034,1,6,0.5471698113207547,0.6043956043956044,0.3065281232074445,0.05722579307484965,99,97,44.28301886792453,36.56043956043956,42.28301886792453,38.56043956043956,C,C,122,122,S,1.0
treatment,03,24,user0033,user0034,27,7,0.8454106280193237,0.6,1.0522575896159758,0.24541062801932367,97,96,12.45893719806763,36.0,11.45893719806763,37.0,C,C,114,100,S,0.890625
treatment,03,25,user0033,user0034,16,23,0.7534246575342466,0.800711743772242,1.2538550694027886,0.04728708623799538,99,96,23.657534246575338,15.928825622775804,20.657534246575338,18.928825622775804,C,C,122,106,S,1.0
treatment,03,26,user0033,user0034,2,20,0.5492957746478874,0.8,0.7920600522249054,0.2507042253521127,99,96,44.070422535211264,16.0,41.070422535211264,19.0,C,C,114,130,S,1.0
treatment,03,27,user0033,user0034,26,22,0.847457627118644,0.8024691358024691,1.5582984878738912,0.04498849131617488,100,96,15.254237288135599,15.753086419753089,11.254237288135599,19.75308641975309,C,C,122,114,S,1.0
treatment,03,28,user0033,user0034,28,17,0.851063829787234,0.75,1.4207907968633664,0.10106382978723405,99,94,13.893617021276597,19.0,8.893617021276597,24.0,C,C,106,100,S,0.890625
treatment,03,29,user0033,user0034,21,9,0.8011049723756906,0.6,0.8993399560363141,0.20110497237569058,97,97,16.88950276243095,37.0,16.88950276243095,37.0,C,C,122,100,S,1.0
treatment,03,30,user0033,user0034,6,1,0.6043956043956044,0.5471698113207547,0.3065281232074445,0.05722579307484965,99,98,38.56043956043956,43.28301886792453,37.56043956043956,44.28301886792453,C,C,122,122,S,1.0
treatment,04,1,user0039,user0040,6,1,0.6043956043956044,0.5471698113207547,0.3065281232074445,0.05722579307484965,100,100,39.56043956043956,45.28301886792453,39.56043956043956,45.28301886792453,C,C,122,122,S,1.0
treatment,04,2,user0039,user0040,0,13,0.5491803278688525,0.7068062827225131,0.5386412609308878,0.1576259548536606,100,100,45.08196721311475,29.31937172774869,45.08196721311475,29.31937172774869,C,C,105,106,S,0.84375
treatment,04,3,user0039,user0040,20,2,0.8,0.5492957746478874,0.7920600522249054,0.2507042253521127,100,100,20.0,45.070422535211264,20.0,45.070422535211264,C,C,105,114,S,0.84375
treatment,04,4,user0039,user0040,15,4,0.751131221719457,0.5412844036697247,0.6350845208008228,0.20984681804973226,100,100,24.886877828054295,45.87155963302752,24.886877828054295,45.87155963302752,C,C,105,100,S,0.84375
treatment,04,5,user0039,user0040,3,25,0.552,0.8470588235294118,0.9602357877083145,0.2950588235294117,100,100,44.8,15.294117647058826,44.8,15.294117647058826,C,C,106,115,S,0.90625
treatment,04,6,user0039,user0040,12,8,0.7009345794392523,0.6028368794326241,0.6345258882458754,0.09809770000662821,100,100,29.90654205607477,39.71631205673759,29.90654205607477,39.71631205673759,C,C,114,106,S,1.0
treatment,04,7,user0039,user0040,9,21,0.6,0.8013937282229965,0.9002465745984046,0.2013937282229965,100,100,40.0,19.86062717770035,40.0,19.86062717770035,C,C,100,107,S,0.8958333333333333
treatment,04,8,user0039,user0040,18,14,0.75,0.7023809523809523,0.9786369538528141,0.04761904761904767,100,100,25.0,29.761904761904773,25.0,29.761904761904773,C,C,106,100,S,1.0
treatment,04,9,user0039,user0040,22,26,0.8024691358024691,0.847457627118644,1.5582984878738912,0.04498849131617488,100,100,19.75308641975309,15.254237288135599,19.75308641975309,15.254237288135599,C,C,114,122,S,1.0
treatment,04,10,user0039,user0040,8,12,0.6028368794326241,0.7009345794392523,0.6345258882458754,0.09809770000662821,100,100,39.71631205673759,29.90654205607477,39.71631205673759,29.90654205607477,C,C,106,114,S,1.0
treatment,04,11,user0039,user0040,4,15,0.5412844036697247,0.751131221719457,0.6350845208008228,0.20984681804973226,100,100,45.87155963302752,24.886877828054295,45.87155963302752,24.886877828054295,C,C,100,105,S,0.84375
treatment,04,12,user0039,user0040,14,18,0.7023809523809523,0.75,0.9786369538528141,0.04761904761904767,100,100,29.761904761904773,25.0,29.761904761904773,25.0,C,C,100,106,S,1.0
treatment,04,13,user0039,user0040,11,29,0.7024793388429752,0.849802371541502,1.2960920932177415,0.14732303269852676,100,100,29.752066115702476,15.019762845849812,29.752066115702476,15.019762845849812,C,C,122,88,S,0.88
treatment,04,14,user0039,user0040,17,28,0.75,0.851063829787234,1.4207907968633664,0.10106382978723405,100,100,25.0,14.893617021276597,25.0,14.893617021276597,C,C,114,106,S,1.0
treatment,04,15,user0039,user0040,13,0,0.7068062827225131,0.5491803278688525,0.5386412609308878,0.1576259548536606,100,100,29.31937172774869,45.08196721311475,29.31937172774869,45.08196721311475,C,C,106,105,S,0.84375
treatment,04,16,user0039,user0040,25,3,0.8470588235294118,0.552,0.9602357877083145,0.2950588235294117,100,100,15.294117647058826,44.8,15.294117647058826,44.8,C,C,115,106,S,0.90625
treatment,04,17,user0039,user0040,7,27,0.6,0.8484848484848485,1.064115852924634,0.24848484848484853,100,100,40.0,15.151515151515156,40.0,15.151515151515156,C,C,114,100,S,0.890625
treatment,04,18,user0039,user0040,19,5,0.7023809523809523,0.6014492753623188,0.6350845208008227,0.10093167701863348,100,100,29.761904761904773,39.85507246376812,29.761904761904773,39.85507246376812,C,C,100,105,S,0.84375
treatment,04,19,user0039,user0040,5,19,0.6014492753623188,0.7023809523809523,0.6350845208008227,0.10093167701863348,100,100,39.85507246376812,29.761904761904773,39.85507246376812,29.761904761904773,C,C,105,100,S,0.84375
treatment,04,20,user0039,user0040,23,16,0.800711743772242,0.7534246575342466,1.2538550694027886,0.04728708623799538,100,100,19.928825622775804,24.657534246575338,19.928825622775804,24.657534246575338,C,C,106,122,S,1.0
treatment,04,21,user0039,user0040,24,10,0.8,0.7027027027027027,1.1232478131715014,0.0972972972972973,100,100,20.0,29.729729729729726,20.0,29.729729729729726,C,C,100,105,S,0.84375
treatment,04,22,user0039,user0040,10,24,0.7027027027027027,0.8,1.1232478131715014,0.0972972972972973,100,100,29.729729729729726,20.0,29.729729729729726,20.0,C,C,105,100,S,0.84375
treatment,04,23,user0039,user0040,29,11,0.8484848484848485,0.7032258064516129,1.2927365417405763,0.14525904203323559,100,100,15.151515151515156,29.677419354838705,15.151515151515156,29.677419354838705,C,C,100,96,S,0.8194444444444444
treatment,04,24,user0039,user0040,1,6,0.5471698113207547,0.6043956043956044,0.3065281232074445,0.05722579307484965,100,100,45.28301886792453,39.56043956043956,45.28301886792453,39.56043956043956,C,C,122,122,S,1.0
treatment,04,25,user0039,user0040,27,7,0.8484848484848485,0.6,1.064115852924634,0.24848484848484853,100,100,15.151515151515156,40.0,15.151515151515156,40.0,C,C,100,114,S,0.890625
treatment,04,26,user0039,user0040,16,23,0.7534246575342466,0.800711743772242,1.2538550694027886,0.04728708623799538,100,100,24.657534246575338,19.928825622775804,24.657534246575338,19.928825622775804,C,C,122,106,S,1.0
treatment,04,27,user0039,user0040,2,20,0.5492957746478874,0.8,0.7920600522249054,0.2507042253521127,100,100,45.070422535211264,20.0,45.070422535211264,20.0,C,C,114,105,S,0.84375
treatment,04,28,user0039,user0040,26,22,0.847457627118644,0.8024691358024691,1.5582984878738912,0.04498849131617488,100,100,15.254237288135599,19.75308641975309,15.254237288135599,19.75308641975309,C,C,122,114,S,1.0
treatment,04,29,user0039,user0040,28,17,0.851063829787234,0.75,1.4207907968633664,0.10106382978723405,100,100,14.893617021276597,25.0,14.893617021276597,25.0,C,C,106,114,S,1.0
treatment,04,30,user0039,user0040,21,9,0.8013937282229965,0.6,0.9002465745984046,0.2013937282229965,100,100,19.86062717770035,40.0,19.86062717770035,40.0,C,C,107,100,S,0.8958333333333333
treatment,04,1,user0041,user0042,0,13,0.547331882249474,0.7068062827225131,0.5349096063878264,0.15947440047303907,79,97,24.266811775052595,26.31937172774869,42.266811775052595,8.319371727748688,I,C,50,-85,F,-1.2053571428571428
treatment,04,2,user0041,user0042,20,2,0.8000000000000002,0.5505955002226751,0.7946857043701983,0.24940449977732504,0,87,-80.00000000000001,31.94044997773249,6.999999999999986,-55.05955002226751,I,I,50,50,I,0.0
treatment,04,3,user0041,user0042,15,4,0.7503770739064857,0.5476190476190477,0.6458397992721197,0.202758026287438,2,93,-73.03770739064856,38.238095238095234,17.962292609351437,-52.761904761904766,I,C,50,4,F,-0.46
treatment,04,4,user0041,user0042,3,25,0.552,0.8490566037735849,0.9679878809762972,0.2970566037735849,92,70,36.8,-14.905660377358487,14.799999999999997,7.094339622641513,C,C,106,130,S,1.0
treatment,04,5,user0041,user0042,12,8,0.7009345794392523,0.6,0.628608659422374,0.10093457943925233,85,82,14.90654205607477,22.0,11.90654205607477,25.0,C,C,114,82,S,0.7857142857142857
treatment,04,6,user0041,user0042,9,21,0.6,0.8017241379310345,0.9012851926661353,0.2017241379310345,74,74,14.0,-6.172413793103445,14.0,-6.172413793103445,C,C,100,96,S,0.8194444444444444
treatment,04,7,user0041,user0042,18,14,0.75,0.7027362183612184,0.9794869944783868,0.04726378163878164,16,79,-59.0,8.726378163878167,4.0,-54.27362183612183,I,I,50,50,I,0.0
treatment,04,8,user0041,user0042,22,26,0.8008230452674897,0.8491156283824789,1.5595639670427381,0.048292583114989185,36,82,-44.08230452674897,-2.911562838247889,1.9176954732510296,-48.91156283824789,I,I,50,50,I,0.0
treatment,04,9,user0041,user0042,8,12,0.6028368794326241,0.7005988023952096,0.6337252475623886,0.09776192296258546,70,97,9.716312056737593,26.94011976047905,36.71631205673759,-0.05988023952095034,C,C,106,100,S,0.890625
treatment,04,10,user0041,user0042,4,15,0.5412844036697247,0.751131221719457,0.6350845208008228,0.20984681804973226,100,85,45.87155963302752,9.886877828054295,30.871559633027523,24.886877828054295,C,C,100,105,S,0.84375
treatment,04,11,user0041,user0042,14,18,0.7027362183612184,0.75,0.9794869944783868,0.04726378163878164,20,100,-50.27362183612183,25.0,29.726378163878167,-55.0,I,I,50,50,I,0.0
treatment,04,12,user0041,user0042,11,29,0.7024793388429752,0.8484848484848485,1.290949457887655,0.1460055096418733,93,97,22.752066115702476,12.151515151515156,26.752066115702476,8.151515151515156,C,C,122,100,S,1.0
treatment,04,13,user0041,user0042,17,28,0.7505446623093682,0.8510223038171109,1.4220804999735297,0.10047764150774263,61,98,-14.054466230936825,12.897769618288919,22.945533769063175,-24.10223038171108,I,I,50,50,I,0.0
treatment,04,14,user0041,user0042,13,0,0.7025802873872551,0.547331882249474,0.5247557464264847,0.15524840513778104,34,99,-36.258028738725514,44.266811775052595,28.741971261274486,-20.733188224947405,I,I,50,50,I,0.0
treatment,04,15,user0041,user0042,25,3,0.8470619499460693,0.552,0.9602478542411899,0.29506194994606927,94,97,9.293805005393068,41.8,12.293805005393068,38.8,I,C,50,-19,F,-0.6160714285714286
treatment,04,16,user0041,user0042,7,27,0.6,0.8527131782945736,1.0807532473670698,0.2527131782945736,83,100,23.0,14.72868217054264,40.0,-2.2713178294573595,C,C,100,88,S,0.6875
treatment,04,17,user0041,user0042,19,5,0.7023809523809523,0.6008920897424498,0.6339225770882557,0.10148886263850254,94,94,23.761904761904773,33.910791025755024,23.761904761904773,33.910791025755024,C,I,-68,50,F,-1.18
treatment,04,18,user0041,user0042,5,19,0.6014492753623188,0.7346716464363524,0.7149814766963984,0.13322237107403356,61,99,0.8550724637681171,25.532835356364757,38.85507246376812,-12.467164643635243,C,I,-33,50,F,-0.51875
treatment,04,19,user0041,user0042,23,16,0.8010602931915703,0.7524015108780087,1.2521980427417299,0.04865878231356169,18,98,-62.10602931915703,22.759848912199132,17.89397068084297,-57.24015108780087,I,I,50,50,I,0.0
treatment,04,20,user0041,user0042,24,10,0.8,0.7037037037037037,1.1256458993032477,0.09629629629629632,100,100,20.0,29.629629629629633,20.0,29.629629629629633,C,C,100,130,S,1.0
treatment,04,21,user0041,user0042,10,24,0.703650620317287,0.8,1.125518610546333,0.09634937968271307,95,100,24.634937968271302,20.0,29.634937968271302,15.0,I,C,50,-150,F,-2.0
treatment,04,22,user0041,user0042,29,11,0.849542452026924,0.7029433817648627,1.2961852689023232,0.14659907026206132,67,100,-17.954245202692405,29.705661823513736,15.045754797307595,-3.2943381764862636,I,I,50,50,I,0.0
treatment,04,23,user0041,user0042,1,6,0.5471698113207547,0.6043956043956044,0.3065281232074445,0.05722579307484965,100,100,45.28301886792453,39.56043956043956,45.28301886792453,39.56043956043956,C,C,122,122,S,1.0
treatment,04,24,user0041,user0042,27,7,0.848869551599582,0.6041666666666666,1.0743095076465863,0.24470288493291537,83,100,-1.8869551599582053,39.583333333333336,15.113044840041795,22.583333333333336,I,C,50,-8,F,-0.453125
treatment,04,25,user0041,user0042,16,23,0.7526881720430108,0.8024691358024691,1.2573997868880324,0.049780963759458396,89,99,13.731182795698928,18.75308641975309,23.731182795698928,8.753086419753089,C,C,96,82,S,0.6051587301587301
treatment,04,26,user0041,user0042,2,20,0.5495495495495496,0.8,0.7925726099325281,0.25045045045045045,90,100,35.04504504504504,20.0,45.04504504504504,10.0,C,C,100,105,S,0.734375
treatment,04,27,user0041,user0042,26,22,0.8491156283824789,0.8008230452674897,1.5595639670427381,0.048292583114989185,0,100,-84.91156283824789,19.91769547325103,15.088437161752111,-80.08230452674897,I,I,50,50,I,0.0
treatment,04,28,user0041,user0042,28,17,0.8510223038171109,0.7505446623093682,1.4220804999735297,0.10047764150774263,47,0,-38.10223038171108,-75.05446623093682,-85.10223038171108,-28.054466230936825,I,I,50,50,I,0.0
treatment,04,29,user0041,user0042,21,9,0.8014076128432405,0.6,0.900290193681393,0.2014076128432405,24,30,-56.14076128432404,-30.0,-50.14076128432404,-36.0,I,I,50,50,I,0.0
treatment,04,30,user0041,user0042,6,1,0.6043956043956044,0.5471698113207547,0.3065281232074445,0.05722579307484965,100,100,39.56043956043956,45.28301886792453,39.56043956043956,45.28301886792453,C,C,122,122,S,1.0
treatment,05,1,user0047,user0048,6,1,0.6043956043956044,0.5505829906451288,0.31342036927099626,0.053812613750475524,100,75,39.56043956043956,19.94170093548712,14.560439560439562,44.94170093548712,C,I,-60,50,F,-0.7638888888888888
treatment,05,2,user0047,user0048,0,13,0.550561797752809,0.7025802873872551,0.5312781058886437,0.15201848963444609,100,87,44.9438202247191,16.741971261274486,31.943820224719097,29.741971261274486,C,I,-48,50,F,-0.6125
treatment,05,3,user0047,user0048,20,2,0.8,0.5495495495495496,0.7925726099325281,0.25045045045045045,100,100,20.0,45.04504504504504,20.0,45.04504504504504,C,C,130,100,S,0.890625
treatment,05,4,user0047,user0048,15,4,0.75,0.5510204081632653,0.6517033506570614,0.19897959183673475,100,85,25.0,29.89795918367348,10.0,44.89795918367348,C,C,130,72,S,0.72
treatment,05,5,user0047,user0048,3,25,0.5489167733674777,0.8470619499460693,0.9540179336959017,0.29814517657859163,0,0,-54.89167733674777,-84.70619499460693,-54.89167733674777,-84.70619499460693,I,I,50,50,I,0.0
treatment,05,6,user0047,user0048,12,8,0.7009345794392523,0.6015355969790163,0.6318098789663847,0.09939898246023604,91,93,20.90654205607477,32.84644030209837,22.90654205607477,30.846440302098372,C,I,-100,50,F,-1.171875
treatment,05,7,user0047,user0048,9,21,0.6,0.8014076128432405,0.900290193681393,0.2014076128432405,100,4,40.0,-76.14076128432404,-56.0,19.859238715675957,C,I,-25,50,F,-0.75
treatment,05,8,user0047,user0048,18,14,0.75,0.7027362183612184,0.9794869944783868,0.04726378163878164,99,100,24.0,29.726378163878167,25.0,28.726378163878167,C,I,-118,50,F,-1.5
treatment,05,9,user0047,user0048,22,26,0.8008230452674897,0.8491156283824789,1.5595639670427381,0.048292583114989185,100,1,19.91769547325103,-83.91156283824789,-79.08230452674897,15.088437161752111,I,I,50,50,I,0.0
treatment,05,10,user0047,user0048,8,12,0.6028368794326241,0.7005988023952096,0.6337252475623886,0.09776192296258546,100,66,39.71631205673759,-4.05988023952095,5.716312056737593,29.94011976047905,C,C,106,100,S,0.890625
treatment,05,11,user0047,user0048,4,15,0.5412844036697247,0.7503770739064857,0.6330694001295516,0.20909267023676092,83,25,28.871559633027523,-50.03770739064856,-29.128440366972477,7.962292609351437,C,I,-9,50,F,-0.59
treatment,05,12,user0047,user0048,14,18,0.7023809523809523,0.75,0.9786369538528141,0.04761904761904767,100,62,29.761904761904773,-13.0,-8.238095238095227,25.0,C,C,100,106,S,1.0
treatment,05,13,user0047,user0048,11,29,0.7029433817648627,0.849542452026924,1.2961852689023232,0.14659907026206132,15,58,-55.294338176486264,-26.954245202692405,-12.294338176486264,-69.9542452026924,I,I,50,50,I,0.0
treatment,05,14,user0047,user0048,17,28,0.75,0.8510223038171109,1.420627010577875,0.10102230381711086,89,1,14.0,-84.10223038171108,-74.0,3.897769618288919,C,I,-142,50,F,-1.5
treatment,05,15,user0047,user0048,13,0,0.7068062827225131,0.5422535211267606,0.5246706198306637,0.1645527615957525,100,100,29.31937172774869,45.77464788732394,29.31937172774869,45.77464788732394,C,C,106,115,S,0.90625
treatment,05,16,user0047,user0048,25,3,0.8490566037735849,0.552,0.9679878809762972,0.2970566037735849,100,100,15.094339622641513,44.8,15.094339622641513,44.8,C,C,130,106,S,1.0
treatment,05,17,user0047,user0048,7,27,0.6,0.848869551599582,1.0656136362906516,0.24886955159958202,100,21,40.0,-63.886955159958205,-39.0,15.113044840041795,C,I,-46,50,F,-0.75
treatment,05,18,user0047,user0048,19,5,0.7023809523809523,0.6008920897424498,0.6339225770882557,0.10148886263850254,100,100,29.761904761904773,39.910791025755024,29.761904761904773,39.910791025755024,C,I,-68,50,F,-1.18
treatment,05,19,user0047,user0048,5,19,0.6012269938650306,0.7346716464363524,0.7145178698018023,0.13344465257132176,100,91,39.877300613496935,17.532835356364757,30.877300613496935,26.532835356364757,C,I,-48,50,F,-0.6125
treatment,05,20,user0047,user0048,23,16,0.8010602931915703,0.7524015108780087,1.2521980427417299,0.04865878231356169,18,15,-62.10602931915703,-60.24015108780087,-65.10602931915703,-57.24015108780087,I,I,50,50,I,0.0
treatment,05,21,user0047,user0048,24,10,0.8,0.7027027027027027,1.1232478131715014,0.0972972972972973,100,85,20.0,14.729729729729726,5.0,29.729729729729726,C,C,100,105,S,0.84375
treatment,05,22,user0047,user0048,10,24,0.7037037037037037,0.8022267456205281,1.132633768016586,0.09852304191682437,100,96,29.629629629629633,15.777325437947184,25.629629629629633,19.777325437947184,C,I,-140,50,F,-1.1875
treatment,05,23,user0047,user0048,29,11,0.849802371541502,0.7029433817648627,1.297202732257892,0.14685898977663925,95,82,10.019762845849812,11.705661823513736,-2.9802371541501884,24.705661823513736,C,I,-165,50,F,-2.15
treatment,05,24,user0047,user0048,1,6,0.5533980582524272,0.603448275862069,0.3171318584528595,0.05005021760964179,98,96,42.66019417475729,35.6551724137931,40.66019417475729,37.6551724137931,C,C,96,96,S,0.6388888888888888
treatment,05,25,user0047,user0048,27,7,0.8454106280193237,0.6041666666666666,1.0609534609719105,0.24124396135265702,97,93,12.45893719806763,32.583333333333336,8.45893719806763,36.583333333333336,C,C,114,88,S,0.796875
treatment,05,26,user0047,user0048,16,23,0.7524015108780087,0.8010602931915703,1.2521980427417299,0.04865878231356169,100,35,24.759848912199132,-45.10602931915703,-40.24015108780087,19.89397068084297,I,I,50,50,I,0.0
treatment,05,27,user0047,user0048,2,20,0.5505955002226751,0.8000000000000002,0.7946857043701983,0.24940449977732504,15,23,-40.05955002226751,-57.000000000000014,-32.05955002226751,-65.00000000000001,I,I,50,50,I,0.0
treatment,05,28,user0047,user0048,26,22,0.8491156283824789,0.8008230452674897,1.5595639670427381,0.048292583114989185,100,7,15.088437161752111,-73.08230452674897,-77.91156283824789,19.91769547325103,I,I,50,50,I,0.0
treatment,05,29,user0047,user0048,28,17,0.851063829787234,0.7505446623093682,1.422244286259021,0.10051916747786582,97,29,11.893617021276597,-46.054466230936825,-56.1063829787234,21.945533769063175,C,I,-270,50,F,-2.857142857142857
treatment,05,30,user0047,user0048,21,9,0.8017241379310345,0.6,0.9012851926661353,0.2017241379310345,100,100,19.827586206896555,40.0,19.827586206896555,40.0,C,C,96,100,S,0.8194444444444444
treatment,05,1,user0049,user0050,0,13,0.550561797752809,0.7025802873872551,0.5312781058886437,0.15201848963444609,55,92,-0.05617977528090279,21.741971261274486,36.9438202247191,-15.258028738725514,C,I,-48,50,F,-0.6125
treatment,05,2,user0049,user0050,20,2,0.8,0.5492957746478874,0.7920600522249054,0.2507042253521127,81,100,1.0,45.070422535211264,20.0,26.070422535211264,C,C,105,114,S,0.84375
treatment,05,3,user0049,user0050,15,4,0.751131221719457,0.5510204081632653,0.6547245078850427,0.20011081355619176,74,100,-1.1131221719457045,44.89795918367348,24.886877828054295,18.89795918367348,C,C,105,72,S,0.56375
treatment,05,4,user0049,user0050,3,25,0.5489167733674777,0.8470619499460693,0.9540179336959017,0.29814517657859163,22,26,-32.89167733674777,-58.70619499460693,-28.89167733674777,-62.70619499460693,I,I,50,50,I,0.0
treatment,05,5,user0049,user0050,12,8,0.7005988023952096,0.6,0.6278080187388871,0.10059880239520957,91,94,20.94011976047905,34.0,23.94011976047905,31.0,C,C,100,82,S,0.6763392857142857
treatment,05,6,user0049,user0050,9,21,0.6,0.8014076128432405,0.900290193681393,0.2014076128432405,76,95,16.0,14.859238715675957,35.0,-4.140761284324043,C,I,-7,50,F,-0.57
treatment,05,7,user0049,user0050,18,14,0.75,0.7027027027027027,0.9794067769456107,0.04729729729729726,74,96,-1.0,25.729729729729726,21.0,3.7297297297297263,C,C,82,72,S,0.5057142857142857
treatment,05,8,user0049,user0050,22,26,0.8008230452674897,0.8491156283824789,1.5595639670427381,0.048292583114989185,14,19,-66.08230452674897,-65.91156283824789,-61.08230452674897,-70.91156283824789,I,I,50,50,I,0.0
treatment,05,9,user0049,user0050,8,12,0.6017699115044248,0.7015527939448206,0.6337741588577726,0.09978288244039579,50,96,-10.176991150442483,25.844720605517935,35.82300884955752,-20.155279394482065,C,I,-18,50,F,-0.6071428571428571
treatment,05,10,user0049,user0050,4,15,0.5466412864840126,0.7503770739064857,0.64386674574931,0.2037357874224731,59,14,4.3358713515987475,-61.03770739064856,-40.66412864840125,-16.037707390648563,I,I,50,50,I,0.0
treatment,05,11,user0049,user0050,14,18,0.7027362183612184,0.75,0.9794869944783868,0.04726378163878164,83,17,12.726378163878167,-58.0,-53.27362183612183,8.0,I,I,50,50,I,0.0
treatment,05,12,user0049,user0050,11,29,0.7029433817648627,0.849542452026924,1.2961852689023232,0.14659907026206132,72,23,1.7056618235137364,-61.954245202692405,-47.294338176486264,-12.954245202692405,I,I,50,50,I,0.0
treatment,05,13,user0049,user0050,17,28,0.7505446623093682,0.8510223038171109,1.4220804999735297,0.10047764150774263,73,20,-2.054466230936825,-65.10223038171108,-55.054466230936825,-12.102230381711081,I,I,50,50,I,0.0
treatment,05,14,user0049,user0050,13,0,0.7009345794392523,0.550561797752809,0.527346527366637,0.1503727816864433,97,91,26.90654205607477,35.9438202247191,20.90654205607477,41.9438202247191,C,C,82,130,S,0.7857142857142857
treatment,05,15,user0049,user0050,25,3,0.8470619499460693,0.5489167733674777,0.9540179336959017,0.29814517657859163,50,21,-34.70619499460693,-33.89167733674777,-63.70619499460693,-4.891677336747769,I,I,50,50,I,0.0
treatment,05,16,user0049,user0050,7,27,0.6013888888888889,0.848869551599582,1.068508838358004,0.24748066271069313,35,17,-25.138888888888886,-67.8869551599582,-43.138888888888886,-49.886955159958205,I,I,50,50,I,0.0
treatment,05,17,user0049,user0050,19,5,0.7346716464363524,0.6008920897424498,0.7138195329838315,0.13377955669390262,50,24,-23.467164643635243,-36.089208974244976,-49.46716464363524,-10.089208974244976,I,I,50,50,I,0.0
treatment,05,18,user0049,user0050,5,19,0.6008920897424498,0.7346716464363524,0.7138195329838315,0.13377955669390262,63,21,2.9107910257550245,-52.46716464363524,-39.089208974244976,-10.467164643635243,I,I,50,50,I,0.0
treatment,05,19,user0049,user0050,23,16,0.8010602931915703,0.7524015108780087,1.2521980427417299,0.04865878231356169,46,9,-34.10602931915703,-66.24015108780087,-71.10602931915703,-29.240151087800868,I,I,50,50,I,0.0
treatment,05,20,user0049,user0050,24,10,0.8035714285714286,0.703650620317287,1.1367550384723621,0.09992080825414162,41,17,-39.35714285714286,-53.3650620317287,-63.35714285714286,-29.365062031728698,C,I,-40,50,F,-0.9
treatment,05,21,user0049,user0050,10,24,0.703650620317287,0.8022267456205281,1.1325064792596715,0.09857612530324111,19,19,-51.3650620317287,-61.222674562052816,-51.3650620317287,-61.222674562052816,I,I,50,50,I,0.0
treatment,05,22,user0049,user0050,29,11,0.849542452026924,0.7029433817648627,1.2961852689023232,0.14659907026206132,20,19,-64.9542452026924,-51.294338176486264,-65.9542452026924,-50.294338176486264,I,I,50,50,I,0.0
treatment,05,23,user0049,user0050,1,6,0.5511811023622047,0.6043956043956044,0.3146291104955848,0.05321450203339961,96,94,40.881889763779526,33.56043956043956,38.881889763779526,35.56043956043956,C,C,107,122,S,0.8958333333333333
treatment,05,24,user0049,user0050,27,7,0.8484848484848485,0.6041666666666666,1.0728117242805686,0.24431818181818188,100,90,15.151515151515156,29.583333333333336,5.151515151515156,39.583333333333336,C,C,100,88,S,0.6875
treatment,05,25,user0049,user0050,16,23,0.7526881720430108,0.8010602931915703,1.2529677224001763,0.0483721211485596,99,92,23.731182795698928,11.893970680842969,16.731182795698928,18.89397068084297,C,I,-90,50,F,-0.9722222222222222
treatment,05,26,user0049,user0050,2,20,0.5505955002226751,0.8000000000000002,0.7946857043701983,0.24940449977732504,11,20,-44.05955002226751,-60.000000000000014,-35.05955002226751,-69.00000000000001,I,I,50,50,I,0.0
treatment,05,27,user0049,user0050,26,22,0.8491156283824789,0.8008230452674897,1.5595639670427381,0.048292583114989185,9,16,-75.91156283824789,-64.08230452674897,-68.91156283824789,-71.08230452674897,I,I,50,50,I,0.0
treatment,05,28,user0049,user0050,28,17,0.8510223038171109,0.7505446623093682,1.4220804999735297,0.10047764150774263,5,8,-80.10223038171108,-67.05446623093682,-77.10223038171108,-70.05446623093682,I,I,50,50,I,0.0
treatment,05,29,user0049,user0050,21,9,0.8017241379310345,0.6,0.9012851926661353,0.2017241379310345,66,93,-14.172413793103445,33.0,12.827586206896555,6.0,C,C,96,72,S,0.5394444444444444
treatment,05,30,user0049,user0050,6,1,0.6043956043956044,0.5533980582524272,0.3191120590609079,0.0509975461431772,96,97,35.56043956043956,41.66019417475729,36.56043956043956,40.66019417475729,C,C,122,96,S,0.8194444444444444
treatment,06,1,user0055,user0056,6,1,0.6043956043956044,0.5471698113207547,0.3065281232074445,0.05722579307484965,92,93,31.560439560439562,38.28301886792453,32.56043956043956,37.28301886792453,C,C,122,122,S,1.0
treatment,06,2,user0055,user0056,0,13,0.550561797752809,0.7,0.5251193521919469,0.14943820224719095,99,93,43.9438202247191,23.0,37.9438202247191,29.0,C,C,130,95,S,0.9017857142857143
treatment,06,3,user0055,user0056,20,2,0.8,0.5492957746478874,0.7920600522249054,0.2507042253521127,100,91,20.0,36.070422535211264,11.0,45.070422535211264,C,C,130,114,S,1.0
treatment,06,4,user0055,user0056,15,4,0.75,0.5412844036697247,0.6320633635728415,0.20871559633027525,100,87,25.0,32.87155963302752,12.0,45.87155963302752,C,C,130,100,S,1.0
treatment,06,5,user0055,user0056,3,25,0.552,0.8490566037735849,0.9679878809762972,0.2970566037735849,100,79,44.8,-5.905660377358487,23.799999999999997,15.094339622641513,C,C,106,130,S,1.0
treatment,06,6,user0055,user0056,12,8,0.7009345794392523,0.6028368794326241,0.6345258882458754,0.09809770000662821,100,86,29.90654205607477,25.716312056737593,15.90654205607477,39.71631205673759,C,C,114,106,S,1.0
treatment,06,7,user0055,user0056,9,21,0.6,0.8011049723756906,0.8993399560363141,0.20110497237569058,100,88,40.0,7.889502762430951,28.0,19.88950276243095,C,C,100,122,S,1.0
treatment,06,8,user0055,user0056,18,14,0.75,0.7023809523809523,0.9786369538528141,0.04761904761904767,100,89,25.0,18.761904761904773,14.0,29.761904761904773,C,C,106,100,S,1.0
treatment,06,9,user0055,user0056,22,26,0.8024691358024691,0.847457627118644,1.5582984878738912,0.04498849131617488,100,84,19.75308641975309,-0.7457627118644012,3.753086419753089,15.254237288135599,C,C,114,122,S,1.0
treatment,06,10,user0055,user0056,8,12,0.6028368794326241,0.7009345794392523,0.6345258882458754,0.09809770000662821,50,84,-10.283687943262407,13.90654205607477,23.716312056737593,-20.09345794392523,C,C,106,114,S,1.0
treatment,06,11,user0055,user0056,4,15,0.5412844036697247,0.75,0.6320633635728415,0.20871559633027525,95,87,40.87155963302752,12.0,32.87155963302752,20.0,C,C,100,130,S,1.0
treatment,06,12,user0055,user0056,14,18,0.7023809523809523,0.75,0.9786369538528141,0.04761904761904767,100,77,29.761904761904773,2.0,6.761904761904773,25.0,C,C,100,106,S,1.0
treatment,06,13,user0055,user0056,11,29,0.7024793388429752,0.8484848484848485,1.290949457887655,0.1460055096418733,100,80,29.752066115702476,-4.848484848484844,9.752066115702476,15.151515151515156,C,C,122,100,S,1.0
treatment,06,14,user0055,user0056,17,28,0.75,0.851063829787234,1.4207907968633664,0.10106382978723405,100,78,25.0,-7.106382978723403,3.0,14.893617021276597,C,C,114,106,S,1.0
treatment,06,15,user0055,user0056,13,0,0.7068062827225131,0.550561797752809,0.5414319658499853,0.1562444849697041,100,80,29.31937172774869,24.943820224719097,9.319371727748688,44.9438202247191,C,C,106,130,S,1.0
treatment,06,16,user0055,user0056,25,3,0.8490566037735849,0.552,0.9679878809762972,0.2970566037735849,100,88,15.094339622641513,32.8,3.094339622641513,44.8,C,C,130,106,S,1.0
treatment,06,17,user0055,user0056,7,27,0.6,0.8454106280193237,1.0522575896159758,0.24541062801932367,100,77,40.0,-7.5410628019323696,17.0,15.45893719806763,C,C,100,114,S,0.890625
treatment,06,18,user0055,user0056,19,5,0.7023809523809523,0.6,0.6320633635728413,0.10238095238095235,100,74,29.761904761904773,14.0,3.7619047619047734,40.0,C,C,100,130,S,1.0
treatment,06,19,user0055,user0056,5,19,0.6,0.7023809523809523,0.6320633635728413,0.10238095238095235,100,85,40.0,14.761904761904773,25.0,29.761904761904773,C,C,130,100,S,1.0
treatment,06,20,user0055,user0056,23,16,0.800711743772242,0.7534246575342466,1.2538550694027886,0.04728708623799538,100,93,19.928825622775804,17.657534246575338,12.928825622775804,24.657534246575338,C,C,106,122,S,1.0
treatment,06,21,user0055,user0056,24,10,0.8,0.7037037037037037,1.1256458993032477,0.09629629629629632,100,80,20.0,9.629629629629633,0.0,29.629629629629633,C,C,100,130,S,1.0
treatment,06,22,user0055,user0056,10,24,0.7037037037037037,0.8,1.1256458993032477,0.09629629629629632,100,79,29.629629629629633,-1.0,8.629629629629633,20.0,C,C,130,100,S,1.0
treatment,06,23,user0055,user0056,29,11,0.8484848484848485,0.7024793388429752,1.290949457887655,0.1460055096418733,100,75,15.151515151515156,4.752066115702476,-9.848484848484844,29.752066115702476,C,C,100,122,S,1.0
treatment,06,24,user0055,user0056,1,6,0.5471698113207547,0.6043956043956044,0.3065281232074445,0.05722579307484965,95,78,40.28301886792453,17.560439560439562,23.283018867924532,34.56043956043956,C,C,122,122,S,1.0
treatment,06,25,user0055,user0056,27,7,0.8454106280193237,0.6,1.0522575896159758,0.24541062801932367,95,70,10.45893719806763,10.0,-14.54106280193237,35.0,C,C,114,114,S,1.0
treatment,06,26,user0055,user0056,16,23,0.7534246575342466,0.800711743772242,1.2538550694027886,0.04728708623799538,97,89,21.657534246575338,8.928825622775804,13.657534246575338,16.928825622775804,C,C,122,106,S,1.0
treatment,06,27,user0055,user0056,2,20,0.5495495495495496,0.8,0.7925726099325281,0.25045045045045045,97,86,42.04504504504504,6.0,31.045045045045043,17.0,C,C,100,130,S,0.890625
treatment,06,28,user0055,user0056,26,22,0.847457627118644,0.8024691358024691,1.5582984878738912,0.04498849131617488,98,81,13.254237288135599,0.7530864197530889,-3.7457627118644012,17.75308641975309,C,C,122,114,S,1.0
treatment,06,29,user0055,user0056,28,17,0.851063829787234,0.75,1.4207907968633664,0.10106382978723405,98,81,12.893617021276597,6.0,-4.106382978723403,23.0,C,C,106,114,S,1.0
treatment,06,30,user0055,user0056,21,9,0.8011049723756906,0.6,0.8993399560363141,0.20110497237569058,97,81,16.88950276243095,21.0,0.8895027624309506,37.0,C,C,122,100,S,1.0
treatment,06,1,user0057,user0058,0,13,0.550561797752809,0.7068062827225131,0.5414319658499853,0.1562444849697041,91,100,35.9438202247191,29.31937172774869,44.9438202247191,20.31937172774869,C,C,130,106,S,1.0
treatment,06,2,user0057,user0058,20,2,0.8,0.5492957746478874,0.7920600522249054,0.2507042253521127,100,100,20.0,45.070422535211264,20.0,45.070422535211264,C,C,130,114,S,1.0
treatment,06,3,user0057,user0058,15,4,0.75,0.5412844036697247,0.6320633635728415,0.20871559633027525,97,100,22.0,45.87155963302752,25.0,42.87155963302752,C,C,130,100,S,1.0
treatment,06,4,user0057,user0058,3,25,0.552,0.8490566037735849,0.9679878809762972,0.2970566037735849,100,100,44.8,15.094339622641513,44.8,15.094339622641513,C,C,106,130,S,1.0
treatment,06,5,user0057,user0058,12,8,0.7009345794392523,0.6028368794326241,0.6345258882458754,0.09809770000662821,98,100,27.90654205607477,39.71631205673759,29.90654205607477,37.71631205673759,C,C,114,106,S,1.0
treatment,06,6,user0057,user0058,9,21,0.6,0.8011049723756906,0.8993399560363141,0.20110497237569058,98,100,38.0,19.88950276243095,40.0,17.88950276243095,C,C,100,122,S,1.0
treatment,06,7,user0057,user0058,18,14,0.75,0.7023809523809523,0.9786369538528141,0.04761904761904767,98,100,23.0,29.761904761904773,25.0,27.761904761904773,C,C,106,100,S,1.0
treatment,06,8,user0057,user0058,22,26,0.8024691358024691,0.847457627118644,1.5582984878738912,0.04498849131617488,99,100,18.75308641975309,15.254237288135599,19.75308641975309,14.254237288135599,C,C,114,122,S,1.0
treatment,06,9,user0057,user0058,8,12,0.6028368794326241,0.7009345794392523,0.6345258882458754,0.09809770000662821,97,100,36.71631205673759,29.90654205607477,39.71631205673759,26.90654205607477,C,C,106,114,S,1.0
treatment,06,10,user0057,user0058,4,15,0.5412844036697247,0.75,0.6320633635728415,0.20871559633027525,100,100,45.87155963302752,25.0,45.87155963302752,25.0,C,C,100,130,S,1.0
treatment,06,11,user0057,user0058,14,18,0.7023809523809523,0.75,0.9786369538528141,0.04761904761904767,89,100,18.761904761904773,25.0,29.761904761904773,14.0,C,C,100,106,S,1.0
treatment,06,12,user0057,user0058,11,29,0.7024793388429752,0.8484848484848485,1.290949457887655,0.1460055096418733,97,100,26.752066115702476,15.151515151515156,29.752066115702476,12.151515151515156,C,C,122,100,S,1.0
treatment,06,13,user0057,user0058,17,28,0.75,0.851063829787234,1.4207907968633664,0.10106382978723405,98,100,23.0,14.893617021276597,25.0,12.893617021276597,C,C,114,106,S,1.0
treatment,06,14,user0057,user0058,13,0,0.7068062827225131,0.550561797752809,0.5414319658499853,0.1562444849697041,100,100,29.31937172774869,44.9438202247191,29.31937172774869,44.9438202247191,C,C,106,130,S,1.0
treatment,06,15,user0057,user0058,25,3,0.8490566037735849,0.552,0.9679878809762972,0.2970566037735849,98,100,13.094339622641513,44.8,15.094339622641513,42.8,C,C,130,106,S,1.0
treatment,06,16,user0057,user0058,7,27,0.6,0.8454106280193237,1.0522575896159758,0.24541062801932367,98,100,38.0,15.45893719806763,40.0,13.45893719806763,C,C,114,114,S,1.0
treatment,06,17,user0057,user0058,19,5,0.7023809523809523,0.6,0.6320633635728413,0.10238095238095235,100,100,29.761904761904773,40.0,29.761904761904773,40.0,C,C,100,130,S,1.0
treatment,06,18,user0057,user0058,5,19,0.6,0.7023809523809523,0.6320633635728413,0.10238095238095235,100,100,40.0,29.761904761904773,40.0,29.761904761904773,C,C,130,100,S,1.0
treatment,06,19,user0057,user0058,23,16,0.800711743772242,0.7534246575342466,1.2538550694027886,0.04728708623799538,100,100,19.928825622775804,24.657534246575338,19.928825622775804,24.657534246575338,C,C,106,122,S,1.0
treatment,06,20,user0057,user0058,24,10,0.8,0.7037037037037037,1.1256458993032477,0.09629629629629632,100,100,20.0,29.629629629629633,20.0,29.629629629629633,C,C,100,130,S,1.0
treatment,06,21,user0057,user0058,10,24,0.7037037037037037,0.8,1.1256458993032477,0.09629629629629632,100,100,29.629629629629633,20.0,29.629629629629633,20.0,C,C,130,100,S,1.0
treatment,06,22,user0057,user0058,29,11,0.8484848484848485,0.7024793388429752,1.290949457887655,0.1460055096418733,100,100,15.151515151515156,29.752066115702476,15.151515151515156,29.752066115702476,C,C,100,122,S,1.0
treatment,06,23,user0057,user0058,1,6,0.5471698113207547,0.6043956043956044,0.3065281232074445,0.05722579307484965,100,100,45.28301886792453,39.56043956043956,45.28301886792453,39.56043956043956,C,C,122,122,S,1.0
treatment,06,24,user0057,user0058,27,7,0.8454106280193237,0.6,1.0522575896159758,0.24541062801932367,100,100,15.45893719806763,40.0,15.45893719806763,40.0,C,C,114,114,S,1.0
treatment,06,25,user0057,user0058,16,23,0.7534246575342466,0.800711743772242,1.2538550694027886,0.04728708623799538,100,100,24.657534246575338,19.928825622775804,24.657534246575338,19.928825622775804,C,C,122,106,S,1.0
treatment,06,26,user0057,user0058,2,20,0.5492957746478874,0.8,0.7920600522249054,0.2507042253521127,100,100,45.070422535211264,20.0,45.070422535211264,20.0,C,C,114,130,S,1.0
treatment,06,27,user0057,user0058,26,22,0.847457627118644,0.8024691358024691,1.5582984878738912,0.04498849131617488,100,100,15.254237288135599,19.75308641975309,15.254237288135599,19.75308641975309,C,C,122,114,S,1.0
treatment,06,28,user0057,user0058,28,17,0.851063829787234,0.75,1.4207907968633664,0.10106382978723405,100,100,14.893617021276597,25.0,14.893617021276597,25.0,C,C,106,114,S,1.0
treatment,06,29,user0057,user0058,21,9,0.8011049723756906,0.6,0.8993399560363141,0.20110497237569058,100,100,19.88950276243095,40.0,19.88950276243095,40.0,C,C,122,100,S,1.0
treatment,06,30,user0057,user0058,6,1,0.6043956043956044,0.5471698113207547,0.3065281232074445,0.05722579307484965,100,100,39.56043956043956,45.28301886792453,39.56043956043956,45.28301886792453,C,C,122,122,S,1.0
treatment,07,1,user0059,user0060,6,1,0.6043956043956044,0.5471698113207547,0.3065281232074445,0.05722579307484965,96,78,35.56043956043956,23.283018867924532,17.560439560439562,41.28301886792453,C,C,122,122,S,1.0
treatment,07,2,user0059,user0060,0,13,0.5491803278688525,0.7068062827225131,0.5386412609308878,0.1576259548536606,90,80,35.08196721311475,9.319371727748688,25.08196721311475,19.31937172774869,C,C,105,106,S,0.84375
treatment,07,3,user0059,user0060,20,2,0.8,0.5492957746478874,0.7920600522249054,0.2507042253521127,92,82,12.0,27.070422535211264,2.0,37.070422535211264,C,C,105,114,S,0.84375
treatment,07,4,user0059,user0060,15,4,0.751131221719457,0.5412844036697247,0.6350845208008228,0.20984681804973226,85,100,9.886877828054295,45.87155963302752,24.886877828054295,30.871559633027523,C,C,105,100,S,0.84375
treatment,07,5,user0059,user0060,3,25,0.552,0.8470588235294118,0.9602357877083145,0.2950588235294117,84,83,28.799999999999997,-1.705882352941174,27.799999999999997,-0.705882352941174,C,C,106,115,S,0.90625
treatment,07,6,user0059,user0060,12,8,0.7009345794392523,0.6028368794326241,0.6345258882458754,0.09809770000662821,95,85,24.90654205607477,24.716312056737593,14.90654205607477,34.71631205673759,C,C,114,106,S,1.0
treatment,07,7,user0059,user0060,9,21,0.6,0.8013937282229965,0.9002465745984046,0.2013937282229965,98,98,38.0,17.86062717770035,38.0,17.86062717770035,C,C,100,107,S,0.8958333333333333
treatment,07,8,user0059,user0060,18,14,0.75,0.7023809523809523,0.9786369538528141,0.04761904761904767,98,87,23.0,16.761904761904773,12.0,27.761904761904773,C,C,106,100,S,1.0
treatment,07,9,user0059,user0060,22,26,0.8024691358024691,0.847457627118644,1.5582984878738912,0.04498849131617488,93,86,12.753086419753089,1.2542372881355988,5.753086419753089,8.254237288135599,C,C,114,122,S,1.0
treatment,07,10,user0059,user0060,8,12,0.6028368794326241,0.7009345794392523,0.6345258882458754,0.09809770000662821,91,86,30.716312056737593,15.90654205607477,25.716312056737593,20.90654205607477,C,C,106,114,S,1.0
treatment,07,11,user0059,user0060,4,15,0.5510204081632653,0.75,0.6517033506570614,0.19897959183673475,98,87,42.89795918367348,12.0,31.89795918367348,23.0,C,C,72,130,S,0.72
treatment,07,12,user0059,user0060,14,18,0.7023809523809523,0.75,0.9786369538528141,0.04761904761904767,95,78,24.761904761904773,3.0,7.761904761904773,20.0,C,C,100,106,S,1.0
treatment,07,13,user0059,user0060,11,29,0.7024793388429752,0.849802371541502,1.2960920932177415,0.14732303269852676,95,88,24.752066115702476,3.0197628458498116,17.752066115702476,10.019762845849812,C,C,122,88,S,0.88
treatment,07,14,user0059,user0060,17,28,0.75,0.851063829787234,1.4207907968633664,0.10106382978723405,100,82,25.0,-3.1063829787234027,7.0,14.893617021276597,C,C,114,106,S,1.0
treatment,07,15,user0059,user0060,13,0,0.7009345794392523,0.550561797752809,0.527346527366637,0.1503727816864433,98,94,27.90654205607477,38.9438202247191,23.90654205607477,42.9438202247191,C,C,82,130,S,0.7857142857142857
treatment,07,16,user0059,user0060,25,3,0.8490566037735849,0.5454545454545454,0.9547712524422193,0.3036020583190395,90,84,5.094339622641513,29.45454545454546,-0.9056603773584868,35.45454545454546,C,C,130,95,S,0.9017857142857143
treatment,07,17,user0059,user0060,7,27,0.6041666666666666,0.8454106280193237,1.0609534609719105,0.24124396135265702,98,84,37.583333333333336,-0.5410628019323696,23.583333333333336,13.45893719806763,C,C,88,114,S,0.796875
treatment,07,18,user0059,user0060,19,5,0.7023809523809523,0.6014492753623188,0.6350845208008227,0.10093167701863348,95,84,24.761904761904773,23.855072463768117,13.761904761904773,34.85507246376812,C,C,100,105,S,0.84375
treatment,07,19,user0059,user0060,5,19,0.6014492753623188,0.7023809523809523,0.6350845208008227,0.10093167701863348,97,82,36.85507246376812,11.761904761904773,21.855072463768117,26.761904761904773,C,C,105,100,S,0.84375
treatment,07,20,user0059,user0060,23,16,0.800711743772242,0.7534246575342466,1.2538550694027886,0.04728708623799538,97,89,16.928825622775804,13.657534246575338,8.928825622775804,21.657534246575338,C,C,106,122,S,1.0
treatment,07,21,user0059,user0060,24,10,0.8035714285714286,0.7037037037037037,1.136882327229277,0.09986772486772488,97,85,16.64285714285714,14.629629629629633,4.642857142857139,26.629629629629633,C,C,72,130,S,0.72
treatment,07,22,user0059,user0060,10,24,0.7037037037037037,0.8035714285714286,1.136882327229277,0.09986772486772488,97,83,26.629629629629633,2.642857142857139,12.629629629629633,16.64285714285714,C,C,130,72,S,0.72
treatment,07,23,user0059,user0060,29,11,0.849802371541502,0.7024793388429752,1.2960920932177415,0.14732303269852676,96,88,11.019762845849812,17.752066115702476,3.0197628458498116,25.752066115702476,C,C,88,122,S,0.88
treatment,07,24,user0059,user0060,1,6,0.5471698113207547,0.6043956043956044,0.3065281232074445,0.05722579307484965,93,75,38.28301886792453,14.560439560439562,20.283018867924532,32.56043956043956,C,C,122,122,S,1.0
treatment,07,25,user0059,user0060,27,7,0.8454106280193237,0.6041666666666666,1.0609534609719105,0.24124396135265702,94,88,9.45893719806763,27.583333333333336,3.4589371980676304,33.583333333333336,C,C,114,88,S,0.796875
treatment,07,26,user0059,user0060,16,23,0.7534246575342466,0.800711743772242,1.2538550694027886,0.04728708623799538,97,91,21.657534246575338,10.928825622775804,15.657534246575338,16.928825622775804,C,C,122,106,S,1.0
treatment,07,27,user0059,user0060,2,20,0.5529411764705883,0.8,0.7994279015517818,0.24705882352941178,94,81,38.705882352941174,1.0,25.705882352941174,14.0,C,C,88,130,S,0.796875
treatment,07,28,user0059,user0060,26,22,0.847457627118644,0.8024691358024691,1.5582984878738912,0.04498849131617488,97,88,12.254237288135599,7.753086419753089,3.2542372881355988,16.75308641975309,C,C,122,114,S,1.0
treatment,07,29,user0059,user0060,28,17,0.851063829787234,0.75,1.4207907968633664,0.10106382978723405,98,83,12.893617021276597,8.0,-2.1063829787234027,23.0,C,C,106,114,S,1.0
treatment,07,30,user0059,user0060,21,9,0.8013937282229965,0.6,0.9002465745984046,0.2013937282229965,96,86,15.860627177700351,26.0,5.860627177700351,36.0,C,C,107,100,S,0.8958333333333333
treatment,07,1,user0061,user0062,0,13,0.550561797752809,0.7068062827225131,0.5414319658499853,0.1562444849697041,96,81,40.9438202247191,10.319371727748688,25.943820224719097,25.31937172774869,C,C,130,106,S,1.0
treatment,07,2,user0061,user0062,20,2,0.8,0.5492957746478874,0.7920600522249054,0.2507042253521127,98,64,18.0,9.070422535211264,-16.0,43.070422535211264,C,C,105,114,S,0.84375
treatment,07,3,user0061,user0062,15,4,0.751131221719457,0.5412844036697247,0.6350845208008228,0.20984681804973226,99,86,23.886877828054295,31.871559633027523,10.886877828054295,44.87155963302752,C,C,105,100,S,0.84375
treatment,07,4,user0061,user0062,3,25,0.5492957746478874,0.8470619499460693,0.9547833189750947,0.29776617529818195,99,97,44.070422535211264,12.293805005393068,42.070422535211264,14.293805005393068,C,I,11,50,F,-0.3482142857142857
treatment,07,5,user0061,user0062,12,8,0.703125,0.6028368794326241,0.6397615381795232,0.1002881205673759,100,68,29.6875,7.716312056737593,-2.3125,39.71631205673759,C,C,88,106,S,0.796875
treatment,07,6,user0061,user0062,9,21,0.6,0.8011049723756906,0.8993399560363141,0.20110497237569058,100,83,40.0,2.8895027624309506,23.0,19.88950276243095,C,C,100,122,S,1.0
treatment,07,7,user0061,user0062,18,14,0.75,0.7023809523809523,0.9786369538528141,0.04761904761904767,100,55,25.0,-15.238095238095227,-20.0,29.761904761904773,I,C,50,-68,F,-1.18
treatment,07,8,user0061,user0062,22,26,0.8024691358024691,0.8491156283824789,1.5647400628560066,0.046646492580009746,100,87,19.75308641975309,2.088437161752111,6.753086419753089,15.088437161752111,C,I,-210,50,F,-2.03125
treatment,07,9,user0061,user0062,8,12,0.6,0.7009345794392523,0.628608659422374,0.10093457943925233,99,61,39.0,-9.09345794392523,1.0,28.90654205607477,C,C,82,114,S,0.7857142857142857
treatment,07,10,user0061,user0062,4,15,0.5412844036697247,0.75,0.6320633635728415,0.20871559633027525,99,61,44.87155963302752,-14.0,6.871559633027523,24.0,C,C,100,130,S,1.0
treatment,07,11,user0061,user0062,14,18,0.7027362183612184,0.75,0.9794869944783868,0.04726378163878164,98,55,27.726378163878167,-20.0,-15.273621836121833,23.0,I,C,50,-118,F,-1.5
treatment,07,12,user0061,user0062,11,29,0.703125,0.8484848484848485,1.2924950541724916,0.1453598484848485,99,61,28.6875,-23.848484848484844,-9.3125,14.151515151515156,C,C,107,100,S,0.8958333333333333
treatment,07,13,user0061,user0062,17,28,0.75,0.851063829787234,1.4207907968633664,0.10106382978723405,99,52,24.0,-33.1063829787234,-23.0,13.893617021276597,C,C,100,106,S,0.890625
treatment,07,14,user0061,user0062,13,0,0.7068062827225131,0.550561797752809,0.5414319658499853,0.1562444849697041,100,97,29.31937172774869,41.9438202247191,26.31937172774869,44.9438202247191,C,C,106,130,S,1.0
treatment,07,15,user0061,user0062,25,3,0.8450704225352113,0.552,0.9526020516429201,0.2930704225352112,100,87,15.49295774647888,31.799999999999997,2.4929577464788792,44.8,C,C,105,106,S,0.84375
treatment,07,16,user0061,user0062,7,27,0.6,0.8454106280193237,1.0522575896159758,0.24541062801932367,99,63,39.0,-21.54106280193237,3.0,14.45893719806763,C,C,100,114,S,0.890625
treatment,07,17,user0061,user0062,19,5,0.75,0.6,0.752038698388137,0.15000000000000002,98,93,23.0,33.0,18.0,38.0,C,C,72,130,S,0.72
treatment,07,18,user0061,user0062,5,19,0.6012269938650306,0.7023809523809523,0.6346209139062265,0.10115395851592168,100,74,39.877300613496935,3.7619047619047734,13.877300613496935,29.761904761904773,C,C,115,100,S,0.90625
treatment,07,19,user0061,user0062,23,16,0.8024691358024691,0.7534246575342466,1.259379987496081,0.04904447826822256,100,70,19.75308641975309,-5.342465753424662,-10.246913580246911,24.657534246575338,C,C,82,122,S,0.7857142857142857
treatment,07,20,user0061,user0062,24,10,0.8035714285714286,0.7037037037037037,1.136882327229277,0.09986772486772488,99,96,18.64285714285714,25.629629629629633,15.642857142857139,28.629629629629633,C,C,72,130,S,0.72
treatment,07,21,user0061,user0062,10,24,0.7027027027027027,0.8,1.1232478131715014,0.0972972972972973,100,87,29.729729729729726,7.0,16.729729729729726,20.0,C,C,105,100,S,0.84375
treatment,07,22,user0061,user0062,29,11,0.8503401360544217,0.7024793388429752,1.2982018009890957,0.14786079721144652,100,68,14.96598639455783,-2.247933884297524,-17.03401360544217,29.752066115702476,C,C,72,122,S,0.72
treatment,07,23,user0061,user0062,1,6,0.5471698113207547,0.6043956043956044,0.3065281232074445,0.05722579307484965,98,60,43.28301886792453,-0.439560439560438,5.2830188679245325,37.56043956043956,C,C,122,122,S,1.0
treatment,07,24,user0061,user0062,27,7,0.8527131782945736,0.6,1.0807532473670698,0.2527131782945736,99,92,13.72868217054264,32.0,6.7286821705426405,39.0,C,C,88,114,S,0.796875
treatment,07,25,user0061,user0062,16,23,0.7526881720430108,0.800711743772242,1.25187486879474,0.04802357172923122,100,60,24.731182795698928,-20.071174377224196,-15.268817204301072,19.928825622775804,C,C,96,106,S,0.8194444444444444
treatment,07,26,user0061,user0062,2,20,0.5492957746478874,0.8,0.7920600522249054,0.2507042253521127,100,53,45.070422535211264,-27.0,-1.9295774647887356,20.0,C,C,114,130,S,1.0
treatment,07,27,user0061,user0062,26,22,0.8491156283824789,0.8024691358024691,1.5647400628560066,0.046646492580009746,99,53,14.088437161752111,-27.24691358024691,-31.91156283824789,18.75308641975309,I,C,50,-210,F,-2.03125
treatment,07,28,user0061,user0062,28,17,0.8510223038171109,0.75,1.420627010577875,0.10102230381711086,100,52,14.897769618288919,-23.0,-33.10223038171108,25.0,I,C,50,-142,F,-1.5
treatment,07,29,user0061,user0062,21,9,0.8017241379310345,0.6,0.9012851926661353,0.2017241379310345,96,97,15.827586206896555,37.0,16.827586206896555,36.0,C,C,96,100,S,0.8194444444444444
treatment,07,30,user0061,user0062,6,1,0.603448275862069,0.5471698113207547,0.3045479225993961,0.056278464541314244,99,60,38.6551724137931,5.2830188679245325,-0.3448275862068968,44.28301886792453,C,C,96,122,S,0.8194444444444444
